Name,Slug,Collection ID,Item ID,Created On,Updated On,Published On,Date,keywords,speakers names,event type,Summary Short,Year,Summary Full,Audio Clip pdf,Audio Clip Description Short,Audio Clip Description Long,Audio clip runtime,Audio Clip Download,Audio Clip URL transcript player,Audio Full Description Short,Audio Full Description Long,Audio Full Download,Audio Full PDF,Audio full runtime,Audio Full URL transcript player,Audio Clip02 pdf,Audio Clip 02 Description,Audio Clip 02,Audio Clip 02 URL,Thumbnail,speaker 1 image,Speaker 1,speaker 1 role,speaker 2 image,speaker 2,speaker 2 role,speaker 3 image,speaker 3,speaker 3 role,speaker 4 image,speaker 4,speaker 4 role,speaker 5 image,speaker 5,speaker 5 role,num order,num total,clip full,Album Name,Track Order Breadcrumbs,Album Name Display,icon,icons code
2022-03-09 C00 JZ LG Zoom,2022-03-09-c00-jz-lg-zoom,65f3d093a0ca2d5ac211618a,6641397db93151555ec7918f,Sun May 12 2024 21:49:49 GMT+0000 (Coordinated Universal Time),Sun May 12 2024 21:49:49 GMT+0000 (Coordinated Universal Time),Tue Jun 11 2024 07:33:21 GMT+0000 (Coordinated Universal Time),Thu Mar 03 2022 06:00:00 GMT+0000 (Coordinated Universal Time),suzanne; intent,Joseph Zangrilli & Lucas Guariglia,LG to JZ call,,,,https://drive.google.com/open?id=1eG8UouCIuj03jmhvHmc68udyOdjbu3e7&usp=drive_fs,JZ ask about the job posting LG claimed he made weeks prior...,"JZ ask about the job posting LG claimed he made weeks prior, after production devolves into total chaos as LG and SG remove sales positions to concentrate on a documented price fixing mission. LG says he has other options and will not put any effort into RBC. ",26m 23s,https://showboatblastoff.github.io/zdata/030922-00.mp3,https://showboatblastoff.github.io/zdata/2022-03-09_transcript.html,"JZ ask about the job posting LG claimed he made weeks prior, after production devolves into total chaos as LG and SG remove sales positions to concentrate on a documented price fixing mission. LG says he has other options and will not put any effort into RBC. ","JZ ask about the job posting LG claimed he made weeks prior, after production devolves into total chaos as LG and SG remove sales positions to concentrate on a documented price fixing mission. LG says he has other options and will not put any effort into RBC. ",https://drive.google.com/open?id=1dnbNFujC4Cote8SoxYj5vWq2RtSJoYAN&usp=drive_fs,https://drive.google.com/open?id=1eG8UouCIuj03jmhvHmc68udyOdjbu3e7&usp=drive_fs,26m 23s,https://showboatblastoff.github.io/zdata/,,,,,https://uploads-ssl.webflow.com/646a27a54df1a31225a90bae/6641397db93151555ec79172_xr24zXoiY3O4aCCe3OHNafE4TW5hZ8yY0JC6Fc3m27M.jpeg,https://uploads-ssl.webflow.com/646a27a54df1a31225a90bae/664136432b983b6bd9d27ac2_bR_GePxzBtM3W-cv4jrjuh3VajtJKkDbQdcANGQBGGM.png,Joseph Zangrilli,COO @ RBC,https://uploads-ssl.webflow.com/646a27a54df1a31225a90bae/664136432b983b6bd9d27ac7_fGX4Gm7pgFT7DnLB7cENdqb7hfHqXhRlTZ__E1AMsv8.png,Lucas Guariglia,CEO @ RBC,,,,,,,,,,0,8,full,,Full Tr.,LG & wife tell JZ no more sales,,
2022-03-09 C01 JZ LG Zoom,2022-03-09-c01-jz-lg-zoom,65f3d093a0ca2d5ac211618a,6641397e5344d92f5684cc3e,Sun May 12 2024 21:49:50 GMT+0000 (Coordinated Universal Time),Sun May 12 2024 21:49:50 GMT+0000 (Coordinated Universal Time),Tue Jun 11 2024 07:33:21 GMT+0000 (Coordinated Universal Time),Thu Mar 03 2022 06:00:00 GMT+0000 (Coordinated Universal Time),suzanne; intent,Joseph Zangrilli & Lucas Guariglia,LG to JZ call,,,,https://drive.google.com/open?id=1eG8UouCIuj03jmhvHmc68udyOdjbu3e7&usp=drive_fs,JZ ask about the job posting LG claimed he made weeks prior...,"JZ ask about the job posting LG claimed he made weeks prior, after production devolves into total chaos as LG and SG remove sales positions to concentrate on a documented price fixing mission. LG says he has other options and will not put any effort into RBC. ",4m 04s,https://showboatblastoff.github.io/zdata/030922-01.mp3,https://showboatblastoff.github.io/zdata/2022-03-09_transcript.html,"JZ ask about the job posting LG claimed he made weeks prior, after production devolves into total chaos as LG and SG remove sales positions to concentrate on a documented price fixing mission. LG says he has other options and will not put any effort into RBC. ","JZ ask about the job posting LG claimed he made weeks prior, after production devolves into total chaos as LG and SG remove sales positions to concentrate on a documented price fixing mission. LG says he has other options and will not put any effort into RBC. ",https://drive.google.com/open?id=1dnbNFujC4Cote8SoxYj5vWq2RtSJoYAN&usp=drive_fs,https://drive.google.com/open?id=1eG8UouCIuj03jmhvHmc68udyOdjbu3e7&usp=drive_fs,26m 23s,https://showboatblastoff.github.io/zdata/,,,,,https://uploads-ssl.webflow.com/646a27a54df1a31225a90bae/6641397e5344d92f5684cc2f_JrHlU4AEhb9x5K7N0sd4o3yWzos7evGgTBKusn1ZSpY.jpeg,https://uploads-ssl.webflow.com/646a27a54df1a31225a90bae/664136432b983b6bd9d27ac2_bR_GePxzBtM3W-cv4jrjuh3VajtJKkDbQdcANGQBGGM.png,Joseph Zangrilli,COO @ RBC,https://uploads-ssl.webflow.com/646a27a54df1a31225a90bae/664136432b983b6bd9d27ac7_fGX4Gm7pgFT7DnLB7cENdqb7hfHqXhRlTZ__E1AMsv8.png,Lucas Guariglia,CEO @ RBC,,,,,,,,,,1,8,clip,,Clip 1,LG & wife tell JZ no more sales,,
2022-03-09 C02 JZ LG Zoom,2022-03-09-c02-jz-lg-zoom,65f3d093a0ca2d5ac211618a,6641397f771fe90f01faf76c,Sun May 12 2024 21:49:51 GMT+0000 (Coordinated Universal Time),Sun May 12 2024 21:49:51 GMT+0000 (Coordinated Universal Time),Tue Jun 11 2024 07:33:21 GMT+0000 (Coordinated Universal Time),Thu Mar 03 2022 06:00:00 GMT+0000 (Coordinated Universal Time),suzanne; intent,Joseph Zangrilli & Lucas Guariglia,LG to JZ call,,,,https://drive.google.com/open?id=1eG8UouCIuj03jmhvHmc68udyOdjbu3e7&usp=drive_fs,JZ ask about the job posting LG claimed he made weeks prior...,"JZ ask about the job posting LG claimed he made weeks prior, after production devolves into total chaos as LG and SG remove sales positions to concentrate on a documented price fixing mission. LG says he has other options and will not put any effort into RBC. ",3m 03s,https://showboatblastoff.github.io/zdata/030922-02.mp3,https://showboatblastoff.github.io/zdata/2022-03-09_transcript.html,"JZ ask about the job posting LG claimed he made weeks prior, after production devolves into total chaos as LG and SG remove sales positions to concentrate on a documented price fixing mission. LG says he has other options and will not put any effort into RBC. ","JZ ask about the job posting LG claimed he made weeks prior, after production devolves into total chaos as LG and SG remove sales positions to concentrate on a documented price fixing mission. LG says he has other options and will not put any effort into RBC. ",https://drive.google.com/open?id=1dnbNFujC4Cote8SoxYj5vWq2RtSJoYAN&usp=drive_fs,https://drive.google.com/open?id=1eG8UouCIuj03jmhvHmc68udyOdjbu3e7&usp=drive_fs,26m 23s,https://showboatblastoff.github.io/zdata/,,,,,https://uploads-ssl.webflow.com/646a27a54df1a31225a90bae/6641397f771fe90f01faf75d_MubIlP-J2zcIBJN3JikJeeXWsUK8ZWUyIVtaAuq8qvg.jpeg,https://uploads-ssl.webflow.com/646a27a54df1a31225a90bae/664136432b983b6bd9d27ac2_bR_GePxzBtM3W-cv4jrjuh3VajtJKkDbQdcANGQBGGM.png,Joseph Zangrilli,COO @ RBC,https://uploads-ssl.webflow.com/646a27a54df1a31225a90bae/664136432b983b6bd9d27ac7_fGX4Gm7pgFT7DnLB7cENdqb7hfHqXhRlTZ__E1AMsv8.png,Lucas Guariglia,CEO @ RBC,,,,,,,,,,2,8,clip,,Clip 2,LG & wife tell JZ no more sales,,
2022-03-09 C03 JZ LG Zoom,2022-03-09-c03-jz-lg-zoom,65f3d093a0ca2d5ac211618a,6641398074e1faa0540d8b63,Sun May 12 2024 21:49:52 GMT+0000 (Coordinated Universal Time),Sun May 12 2024 21:49:52 GMT+0000 (Coordinated Universal Time),Tue Jun 11 2024 07:33:21 GMT+0000 (Coordinated Universal Time),Thu Mar 03 2022 06:00:00 GMT+0000 (Coordinated Universal Time),suzanne; intent,Joseph Zangrilli & Lucas Guariglia,LG to JZ call,,,,https://drive.google.com/open?id=1eG8UouCIuj03jmhvHmc68udyOdjbu3e7&usp=drive_fs,JZ ask about the job posting LG claimed he made weeks prior...,"JZ ask about the job posting LG claimed he made weeks prior, after production devolves into total chaos as LG and SG remove sales positions to concentrate on a documented price fixing mission. LG says he has other options and will not put any effort into RBC. ",2m 48s,https://showboatblastoff.github.io/zdata/030922-03.mp3,https://showboatblastoff.github.io/zdata/2022-03-09_transcript.html,"JZ ask about the job posting LG claimed he made weeks prior, after production devolves into total chaos as LG and SG remove sales positions to concentrate on a documented price fixing mission. LG says he has other options and will not put any effort into RBC. ","JZ ask about the job posting LG claimed he made weeks prior, after production devolves into total chaos as LG and SG remove sales positions to concentrate on a documented price fixing mission. LG says he has other options and will not put any effort into RBC. ",https://drive.google.com/open?id=1dnbNFujC4Cote8SoxYj5vWq2RtSJoYAN&usp=drive_fs,https://drive.google.com/open?id=1eG8UouCIuj03jmhvHmc68udyOdjbu3e7&usp=drive_fs,26m 23s,https://showboatblastoff.github.io/zdata/,,,,,https://uploads-ssl.webflow.com/646a27a54df1a31225a90bae/6641398074e1faa0540d8b30_vfumcpSTWYuqJOFewSlTQ_9BBpg3qACLhHRk6k3hUDU.jpeg,https://uploads-ssl.webflow.com/646a27a54df1a31225a90bae/664136432b983b6bd9d27ac2_bR_GePxzBtM3W-cv4jrjuh3VajtJKkDbQdcANGQBGGM.png,Joseph Zangrilli,COO @ RBC,https://uploads-ssl.webflow.com/646a27a54df1a31225a90bae/664136432b983b6bd9d27ac7_fGX4Gm7pgFT7DnLB7cENdqb7hfHqXhRlTZ__E1AMsv8.png,Lucas Guariglia,CEO @ RBC,,,,,,,,,,3,8,clip,,Clip 3,LG & wife tell JZ no more sales,,
2022-03-09 C04 JZ LG Zoom,2022-03-09-c04-jz-lg-zoom,65f3d093a0ca2d5ac211618a,664139835344d92f5684d1bb,Sun May 12 2024 21:49:55 GMT+0000 (Coordinated Universal Time),Sun May 12 2024 21:49:55 GMT+0000 (Coordinated Universal Time),Tue Jun 11 2024 07:33:21 GMT+0000 (Coordinated Universal Time),Thu Mar 03 2022 06:00:00 GMT+0000 (Coordinated Universal Time),suzanne; intent,Joseph Zangrilli & Lucas Guariglia,LG to JZ call,,,,https://drive.google.com/open?id=1eG8UouCIuj03jmhvHmc68udyOdjbu3e7&usp=drive_fs,JZ ask about the job posting LG claimed he made weeks prior...,"JZ ask about the job posting LG claimed he made weeks prior, after production devolves into total chaos as LG and SG remove sales positions to concentrate on a documented price fixing mission. LG says he has other options and will not put any effort into RBC. ",1m 58s,https://showboatblastoff.github.io/zdata/030922-04.mp3,https://showboatblastoff.github.io/zdata/2022-03-09_transcript.html,"JZ ask about the job posting LG claimed he made weeks prior, after production devolves into total chaos as LG and SG remove sales positions to concentrate on a documented price fixing mission. LG says he has other options and will not put any effort into RBC. ","JZ ask about the job posting LG claimed he made weeks prior, after production devolves into total chaos as LG and SG remove sales positions to concentrate on a documented price fixing mission. LG says he has other options and will not put any effort into RBC. ",https://drive.google.com/open?id=1dnbNFujC4Cote8SoxYj5vWq2RtSJoYAN&usp=drive_fs,https://drive.google.com/open?id=1eG8UouCIuj03jmhvHmc68udyOdjbu3e7&usp=drive_fs,26m 23s,https://showboatblastoff.github.io/zdata/,,,,,https://uploads-ssl.webflow.com/646a27a54df1a31225a90bae/664139815344d92f5684cf8c_UYVnfL1fwAFkpg3XNv56Agn2uxgCJjsWS_6Aw1jga_k.jpeg,https://uploads-ssl.webflow.com/646a27a54df1a31225a90bae/664136432b983b6bd9d27ac2_bR_GePxzBtM3W-cv4jrjuh3VajtJKkDbQdcANGQBGGM.png,Joseph Zangrilli,COO @ RBC,https://uploads-ssl.webflow.com/646a27a54df1a31225a90bae/664136432b983b6bd9d27ac7_fGX4Gm7pgFT7DnLB7cENdqb7hfHqXhRlTZ__E1AMsv8.png,Lucas Guariglia,CEO @ RBC,,,,,,,,,,4,8,clip,,Clip 4,LG & wife tell JZ no more sales,,
2022-03-09 C05 JZ LG Zoom,2022-03-09-c05-jz-lg-zoom,65f3d093a0ca2d5ac211618a,66413985eca1ddeb658f0a93,Sun May 12 2024 21:49:57 GMT+0000 (Coordinated Universal Time),Sun May 12 2024 21:49:57 GMT+0000 (Coordinated Universal Time),Tue Jun 11 2024 07:33:21 GMT+0000 (Coordinated Universal Time),Thu Mar 03 2022 06:00:00 GMT+0000 (Coordinated Universal Time),suzanne; intent,Joseph Zangrilli & Lucas Guariglia,LG to JZ call,,,,https://drive.google.com/open?id=1eG8UouCIuj03jmhvHmc68udyOdjbu3e7&usp=drive_fs,JZ ask about the job posting LG claimed he made weeks prior...,"JZ ask about the job posting LG claimed he made weeks prior, after production devolves into total chaos as LG and SG remove sales positions to concentrate on a documented price fixing mission. LG says he has other options and will not put any effort into RBC. ",1m 44s,https://showboatblastoff.github.io/zdata/030922-05.mp3,https://showboatblastoff.github.io/zdata/2022-03-09_transcript.html,"JZ ask about the job posting LG claimed he made weeks prior, after production devolves into total chaos as LG and SG remove sales positions to concentrate on a documented price fixing mission. LG says he has other options and will not put any effort into RBC. ","JZ ask about the job posting LG claimed he made weeks prior, after production devolves into total chaos as LG and SG remove sales positions to concentrate on a documented price fixing mission. LG says he has other options and will not put any effort into RBC. ",https://drive.google.com/open?id=1dnbNFujC4Cote8SoxYj5vWq2RtSJoYAN&usp=drive_fs,https://drive.google.com/open?id=1eG8UouCIuj03jmhvHmc68udyOdjbu3e7&usp=drive_fs,26m 23s,https://showboatblastoff.github.io/zdata/,,,,,https://uploads-ssl.webflow.com/646a27a54df1a31225a90bae/66413984eca1ddeb658f0a7d_a2FTGtAV5vCdS7oLyWYMHLlBpH_YHzqqWnq8QxWegYs.jpeg,https://uploads-ssl.webflow.com/646a27a54df1a31225a90bae/664136432b983b6bd9d27ac2_bR_GePxzBtM3W-cv4jrjuh3VajtJKkDbQdcANGQBGGM.png,Joseph Zangrilli,COO @ RBC,https://uploads-ssl.webflow.com/646a27a54df1a31225a90bae/664136432b983b6bd9d27ac7_fGX4Gm7pgFT7DnLB7cENdqb7hfHqXhRlTZ__E1AMsv8.png,Lucas Guariglia,CEO @ RBC,,,,,,,,,,5,8,clip,,Clip 5,LG & wife tell JZ no more sales,,
2022-03-09 C06 JZ LG Zoom,2022-03-09-c06-jz-lg-zoom,65f3d093a0ca2d5ac211618a,66413986f41a2c0f0326d16d,Sun May 12 2024 21:49:58 GMT+0000 (Coordinated Universal Time),Sun May 12 2024 21:49:58 GMT+0000 (Coordinated Universal Time),Tue Jun 11 2024 07:33:21 GMT+0000 (Coordinated Universal Time),Thu Mar 03 2022 06:00:00 GMT+0000 (Coordinated Universal Time),suzanne; intent,Joseph Zangrilli & Lucas Guariglia,LG to JZ call,,,,https://drive.google.com/open?id=1eG8UouCIuj03jmhvHmc68udyOdjbu3e7&usp=drive_fs,JZ ask about the job posting LG claimed he made weeks prior...,"JZ ask about the job posting LG claimed he made weeks prior, after production devolves into total chaos as LG and SG remove sales positions to concentrate on a documented price fixing mission. LG says he has other options and will not put any effort into RBC. ",7m 01s,https://showboatblastoff.github.io/zdata/030922-06.mp3,https://showboatblastoff.github.io/zdata/2022-03-09_transcript.html,"JZ ask about the job posting LG claimed he made weeks prior, after production devolves into total chaos as LG and SG remove sales positions to concentrate on a documented price fixing mission. LG says he has other options and will not put any effort into RBC. ","JZ ask about the job posting LG claimed he made weeks prior, after production devolves into total chaos as LG and SG remove sales positions to concentrate on a documented price fixing mission. LG says he has other options and will not put any effort into RBC. ",https://drive.google.com/open?id=1dnbNFujC4Cote8SoxYj5vWq2RtSJoYAN&usp=drive_fs,https://drive.google.com/open?id=1eG8UouCIuj03jmhvHmc68udyOdjbu3e7&usp=drive_fs,26m 23s,https://showboatblastoff.github.io/zdata/,,,,,https://uploads-ssl.webflow.com/646a27a54df1a31225a90bae/66413985f41a2c0f0326d044_4HXizY7pnv3oCWGBIDB_yuGrie1NsvrE7_WCZE9zt3s.jpeg,https://uploads-ssl.webflow.com/646a27a54df1a31225a90bae/664136432b983b6bd9d27ac2_bR_GePxzBtM3W-cv4jrjuh3VajtJKkDbQdcANGQBGGM.png,Joseph Zangrilli,COO @ RBC,https://uploads-ssl.webflow.com/646a27a54df1a31225a90bae/664136432b983b6bd9d27ac7_fGX4Gm7pgFT7DnLB7cENdqb7hfHqXhRlTZ__E1AMsv8.png,Lucas Guariglia,CEO @ RBC,,,,,,,,,,6,8,clip,,Clip 6,LG & wife tell JZ no more sales,,
2022-03-09 C07 JZ LG Zoom,2022-03-09-c07-jz-lg-zoom,65f3d093a0ca2d5ac211618a,66413987f41a2c0f0326d284,Sun May 12 2024 21:49:59 GMT+0000 (Coordinated Universal Time),Sun May 12 2024 21:49:59 GMT+0000 (Coordinated Universal Time),Tue Jun 11 2024 07:33:21 GMT+0000 (Coordinated Universal Time),Thu Mar 03 2022 06:00:00 GMT+0000 (Coordinated Universal Time),suzanne; intent,Joseph Zangrilli & Lucas Guariglia,LG to JZ call,,,,https://drive.google.com/open?id=1eG8UouCIuj03jmhvHmc68udyOdjbu3e7&usp=drive_fs,JZ ask about the job posting LG claimed he made weeks prior...,"JZ ask about the job posting LG claimed he made weeks prior, after production devolves into total chaos as LG and SG remove sales positions to concentrate on a documented price fixing mission. LG says he has other options and will not put any effort into RBC. ",4m 57s,https://showboatblastoff.github.io/zdata/030922-07.mp3,https://showboatblastoff.github.io/zdata/2022-03-09_transcript.html,"JZ ask about the job posting LG claimed he made weeks prior, after production devolves into total chaos as LG and SG remove sales positions to concentrate on a documented price fixing mission. LG says he has other options and will not put any effort into RBC. ","JZ ask about the job posting LG claimed he made weeks prior, after production devolves into total chaos as LG and SG remove sales positions to concentrate on a documented price fixing mission. LG says he has other options and will not put any effort into RBC. ",https://drive.google.com/open?id=1dnbNFujC4Cote8SoxYj5vWq2RtSJoYAN&usp=drive_fs,https://drive.google.com/open?id=1eG8UouCIuj03jmhvHmc68udyOdjbu3e7&usp=drive_fs,26m 23s,https://showboatblastoff.github.io/zdata/,,,,,https://uploads-ssl.webflow.com/646a27a54df1a31225a90bae/66413987f41a2c0f0326d25d_V9jxn2de-9dfahUlPohA-VkVpDlyfvaxFLig0DD1ZJc.jpeg,https://uploads-ssl.webflow.com/646a27a54df1a31225a90bae/664136432b983b6bd9d27ac2_bR_GePxzBtM3W-cv4jrjuh3VajtJKkDbQdcANGQBGGM.png,Joseph Zangrilli,COO @ RBC,https://uploads-ssl.webflow.com/646a27a54df1a31225a90bae/664136432b983b6bd9d27ac7_fGX4Gm7pgFT7DnLB7cENdqb7hfHqXhRlTZ__E1AMsv8.png,Lucas Guariglia,CEO @ RBC,,,,,,,,,,7,8,clip,,Clip 7,LG & wife tell JZ no more sales,,
2022-11-15 LG admits 30K scam and amazon,2022-11-15-lg-admits-30k-scam-and-amazon,65f3d093a0ca2d5ac211618a,6641398850e175b325bdb65d,Sun May 12 2024 21:50:00 GMT+0000 (Coordinated Universal Time),Sun May 12 2024 21:50:00 GMT+0000 (Coordinated Universal Time),Tue Jun 11 2024 07:33:21 GMT+0000 (Coordinated Universal Time),Tue Nov 15 2022 06:00:00 GMT+0000 (Coordinated Universal Time),30k; amazon; tx; suzanne,Joseph Zangrilli & Lucas Guariglia,LG to JZ call,,,,,JZ finds evidence of Lucas & Suzanne running a live activation...,"JZ finds evidence of Lucas & Suzanne running a live activation for RBC Customer Constellation Brands. LG admits to selling 30K of RBC purchased goods to RBC customer Mosaic, $15K of personal Amazon purchases, and acknowledges he knows the Texas story is false (JZ found email directly from hotel mgmt confirming there was no TX incident).",1h 33m 31s,,https://showboatblastoff.github.io/zdata/2022-11-15_transcript.html,"LG admits Amazon, 30K, event, TX","LG admits Amazon, 30K, event, TX",,,1h 33m 31s,https://showboatblastoff.github.io/zdata/,,,,,https://uploads-ssl.webflow.com/646a27a54df1a31225a90bae/6641398850e175b325bdb63e_gH41gsdbjJrEi2uPiXvj9550w479-oYrLGIGh31KHQI.jpeg,https://uploads-ssl.webflow.com/646a27a54df1a31225a90bae/664136432b983b6bd9d27ac2_bR_GePxzBtM3W-cv4jrjuh3VajtJKkDbQdcANGQBGGM.png,Joseph Zangrilli,COO @ RBC,https://uploads-ssl.webflow.com/646a27a54df1a31225a90bae/664136432b983b6bd9d27ac7_fGX4Gm7pgFT7DnLB7cENdqb7hfHqXhRlTZ__E1AMsv8.png,Lucas Guariglia,CEO @ RBC,,,,,,,,,,0,0,full,,Full Tr.,Suzanne & LG 30k fraud admission +,,
2023-02-14 C00 FT Accounting Meeting,2023-02-14-c00-ft-accounting-meeting,65f3d093a0ca2d5ac211618a,664139a9800866ff4ca0140a,Sun May 12 2024 21:50:33 GMT+0000 (Coordinated Universal Time),Sun May 12 2024 21:50:33 GMT+0000 (Coordinated Universal Time),Tue Jun 11 2024 07:33:21 GMT+0000 (Coordinated Universal Time),Tue Feb 14 2023 06:00:00 GMT+0000 (Coordinated Universal Time),accounting; 53; chase; fiduciary,"Joseph Zangrilli, Lucas Guariglia, & Stephanie Morin",Accounting meeting,,,,https://drive.google.com/open?id=1kh5Q-oJ_CCDhiAkdKgRvepSTE4WGlmZR&usp=drive_fs,First acct mtg since 5/3 account closure,The first accounting meeting since 5/3 account closure on 2023-02-09. LG tells RBC accountant Stephanie that 5/3 account was closed for fraud and Chase account closed due to longtime RBC client INKT (Tom Labadie) payment via Chase Quickpay flagged for fraud.‍‍,59m 34s,https://drive.google.com/open?id=1ktL_sr1xjRzaW7t3HNgj48tdbJI_y8x1&usp=drive_fs,https://showboatblastoff.github.io/zdata/2023-02-14_transcript_spark.html,1st acct mtg after 5/3 closure LG says fraud,1st acct mtg after 5/3 closure LG says fraud,https://drive.google.com/open?id=1kjZlB2lcExoE9lnHNDyckxNrFkmcaAN2&usp=drive_fs,https://drive.google.com/open?id=1kh5Q-oJ_CCDhiAkdKgRvepSTE4WGlmZR&usp=drive_fs,59m 34s,https://showboatblastoff.github.io/zdata/2023-02-14_transcript_spark.html,,,,,https://uploads-ssl.webflow.com/646a27a54df1a31225a90bae/664139a8800866ff4ca013c6_QNiWhHTF1AVmZ5Erkx07UgLxXh3M5yzkLF_pQLtSF9Q.jpeg,https://uploads-ssl.webflow.com/646a27a54df1a31225a90bae/664136432b983b6bd9d27ac2_bR_GePxzBtM3W-cv4jrjuh3VajtJKkDbQdcANGQBGGM.png,Joseph Zangrilli,COO @ RBC,https://uploads-ssl.webflow.com/646a27a54df1a31225a90bae/664136432b983b6bd9d27ac7_fGX4Gm7pgFT7DnLB7cENdqb7hfHqXhRlTZ__E1AMsv8.png,Lucas Guariglia,CEO @ RBC,https://uploads-ssl.webflow.com/646a27a54df1a31225a90bae/664139a8800866ff4ca013c2_3czZBggq6ZQP5JRm7QQFVMhY8tkik2cWCXzicXhRQf4.png,Stephanie Morin,accountant @ spark,,,,,,,0,0,full,2023-02-14 Accounting Meeting,Full Tr.,5/3 & Chase closed for fraud,,
2023-02-14 C01 Accounting Meeting,2023-02-14-c01-accounting-meeting,65f3d093a0ca2d5ac211618a,664139ab771fe90f01fb397a,Sun May 12 2024 21:50:35 GMT+0000 (Coordinated Universal Time),Sun May 12 2024 21:50:35 GMT+0000 (Coordinated Universal Time),Tue Jun 11 2024 07:33:21 GMT+0000 (Coordinated Universal Time),Tue Feb 14 2023 06:00:00 GMT+0000 (Coordinated Universal Time),accounting; 53; chase; fiduciary,"Joseph Zangrilli, Lucas Guariglia, & Stephanie Morin",Accounting meeting,,,,https://drive.google.com/open?id=1ks_4Sz3WsorX0LCiIQern7_hf2hOgF8H&usp=drive_fs,5/3 closure was due to fraud,5/3 closure was due to fraud,3m 13s,https://drive.google.com/open?id=1ktL_sr1xjRzaW7t3HNgj48tdbJI_y8x1&usp=drive_fs,https://showboatblastoff.github.io/zdata/2023-02-14_transcript_spark_01.html,1st acct mtg after 5/3 closure LG says fraud,1st acct mtg after 5/3 closure LG says fraud,https://drive.google.com/open?id=1kjZlB2lcExoE9lnHNDyckxNrFkmcaAN2&usp=drive_fs,https://drive.google.com/open?id=1kh5Q-oJ_CCDhiAkdKgRvepSTE4WGlmZR&usp=drive_fs,59m 34s,https://showboatblastoff.github.io/zdata/2023-02-14_transcript_spark.html,,,,,https://uploads-ssl.webflow.com/646a27a54df1a31225a90bae/664139aa771fe90f01fb3908_atN3sEgbw0QgXvG3utp-yHpA77LxGPehcvUTEC7IIzM.jpeg,https://uploads-ssl.webflow.com/646a27a54df1a31225a90bae/664136432b983b6bd9d27ac2_bR_GePxzBtM3W-cv4jrjuh3VajtJKkDbQdcANGQBGGM.png,Joseph Zangrilli,COO @ RBC,https://uploads-ssl.webflow.com/646a27a54df1a31225a90bae/664136432b983b6bd9d27ac7_fGX4Gm7pgFT7DnLB7cENdqb7hfHqXhRlTZ__E1AMsv8.png,Lucas Guariglia,CEO @ RBC,https://uploads-ssl.webflow.com/646a27a54df1a31225a90bae/664139a8800866ff4ca013c2_3czZBggq6ZQP5JRm7QQFVMhY8tkik2cWCXzicXhRQf4.png,Stephanie Morin,accountant @ spark,,,,,,,1,6,clip,2023-02-14 Accounting Meeting,Clip 1,5/3 & Chase closed for fraud,,
2023-02-14 C02 Accounting Meeting,2023-02-14-c02-accounting-meeting,65f3d093a0ca2d5ac211618a,664139ac7af20619f2dd36af,Sun May 12 2024 21:50:36 GMT+0000 (Coordinated Universal Time),Sun May 12 2024 21:50:36 GMT+0000 (Coordinated Universal Time),Tue Jun 11 2024 07:33:21 GMT+0000 (Coordinated Universal Time),Tue Feb 14 2023 06:00:00 GMT+0000 (Coordinated Universal Time),accounting; 53; chase; fiduciary,"Joseph Zangrilli, Lucas Guariglia, & Stephanie Morin",Accounting meeting,,,,https://drive.google.com/open?id=1kaoHR-8sKwGmwnr3I2y9SfR_ws_8PLKL&usp=drive_fs,Chase closure Zelle payment from INKT Tom Labadie,Chase closure Zelle payment from INKT Tom Labadie,1m 30s,https://drive.google.com/open?id=1keeeWKfOZbzqpJBxJQ7p4tK6Y1pL530Z&usp=drive_fs,https://showboatblastoff.github.io/zdata/2023-02-14_transcript_spark_02.html,1st acct mtg after 5/3 closure LG says fraud,1st acct mtg after 5/3 closure LG says fraud,https://drive.google.com/open?id=1kjZlB2lcExoE9lnHNDyckxNrFkmcaAN2&usp=drive_fs,https://drive.google.com/open?id=1kh5Q-oJ_CCDhiAkdKgRvepSTE4WGlmZR&usp=drive_fs,59m 34s,https://showboatblastoff.github.io/zdata/2023-02-14_transcript_spark.html,,,,,https://uploads-ssl.webflow.com/646a27a54df1a31225a90bae/664139ab7af20619f2dd36a1_v4YAnjIZDDTLxy149DgUWyHwENXC78Hy7NvDdD-HlOs.jpeg,https://uploads-ssl.webflow.com/646a27a54df1a31225a90bae/664136432b983b6bd9d27ac2_bR_GePxzBtM3W-cv4jrjuh3VajtJKkDbQdcANGQBGGM.png,Joseph Zangrilli,COO @ RBC,https://uploads-ssl.webflow.com/646a27a54df1a31225a90bae/664136432b983b6bd9d27ac7_fGX4Gm7pgFT7DnLB7cENdqb7hfHqXhRlTZ__E1AMsv8.png,Lucas Guariglia,CEO @ RBC,https://uploads-ssl.webflow.com/646a27a54df1a31225a90bae/664139a8800866ff4ca013c2_3czZBggq6ZQP5JRm7QQFVMhY8tkik2cWCXzicXhRQf4.png,Stephanie Morin,accountant @ spark,,,,,,,2,6,clip,2023-02-14 Accounting Meeting,Clip 2,5/3 & Chase closed for fraud,,
2023-02-14 C03 Accounting Meeting,2023-02-14-c03-accounting-meeting,65f3d093a0ca2d5ac211618a,664139ad72d7a820302b7cfd,Sun May 12 2024 21:50:37 GMT+0000 (Coordinated Universal Time),Sun May 12 2024 21:50:37 GMT+0000 (Coordinated Universal Time),Tue Jun 11 2024 07:33:21 GMT+0000 (Coordinated Universal Time),Tue Feb 14 2023 06:00:00 GMT+0000 (Coordinated Universal Time),accounting; 53; chase; fiduciary,"Joseph Zangrilli, Lucas Guariglia, & Stephanie Morin",Accounting meeting,,,,https://drive.google.com/open?id=1kkMt2AnqnvmWOmUs0_XslUVHrspynu5U&usp=drive_fs,28K Goose Island and Constellation tax implications,28K Goose Island and Constellation tax implications,15m 0s,https://drive.google.com/open?id=1kkMt2AnqnvmWOmUs0_XslUVHrspynu5U&usp=drive_fs,https://showboatblastoff.github.io/zdata/2023-02-14_transcript_spark_03.html,1st acct mtg after 5/3 closure LG says fraud,1st acct mtg after 5/3 closure LG says fraud,https://drive.google.com/open?id=1kjZlB2lcExoE9lnHNDyckxNrFkmcaAN2&usp=drive_fs,https://drive.google.com/open?id=1kh5Q-oJ_CCDhiAkdKgRvepSTE4WGlmZR&usp=drive_fs,59m 34s,https://showboatblastoff.github.io/zdata/2023-02-14_transcript_spark.html,,,,,https://uploads-ssl.webflow.com/646a27a54df1a31225a90bae/664139ad72d7a820302b7ced_gAwr9Cwy6xX3peCXr0XaG5NtzrEbzZV45Tzk3w1y5Lw.jpeg,https://uploads-ssl.webflow.com/646a27a54df1a31225a90bae/664136432b983b6bd9d27ac2_bR_GePxzBtM3W-cv4jrjuh3VajtJKkDbQdcANGQBGGM.png,Joseph Zangrilli,COO @ RBC,https://uploads-ssl.webflow.com/646a27a54df1a31225a90bae/664136432b983b6bd9d27ac7_fGX4Gm7pgFT7DnLB7cENdqb7hfHqXhRlTZ__E1AMsv8.png,Lucas Guariglia,CEO @ RBC,https://uploads-ssl.webflow.com/646a27a54df1a31225a90bae/664139a8800866ff4ca013c2_3czZBggq6ZQP5JRm7QQFVMhY8tkik2cWCXzicXhRQf4.png,Stephanie Morin,accountant @ spark,,,,,,,3,6,clip,2023-02-14 Accounting Meeting,Clip 3,5/3 & Chase closed for fraud,,
2023-02-14 C04 Accounting Meeting,2023-02-14-c04-accounting-meeting,65f3d093a0ca2d5ac211618a,664139af39bab9b381fbec4d,Sun May 12 2024 21:50:39 GMT+0000 (Coordinated Universal Time),Sun May 12 2024 21:50:39 GMT+0000 (Coordinated Universal Time),Tue Jun 11 2024 07:33:21 GMT+0000 (Coordinated Universal Time),Tue Feb 14 2023 06:00:00 GMT+0000 (Coordinated Universal Time),accounting; 53; chase; fiduciary,"Joseph Zangrilli, Lucas Guariglia, & Stephanie Morin",Accounting meeting,,,,https://drive.google.com/open?id=1Z-qJkrSQPBwFGwQML2impm_OG3BiTOVg&usp=drive_fs,LG inquires about assisting clients skirt laws,LG inquires about assisting clients skirt laws,0m 38s,https://drive.google.com/open?id=1Z0xdACG_T8synae4ZlZP4a1ythwHmQpn&usp=drive_fs,https://showboatblastoff.github.io/zdata/2023-02-14_transcript_spark_04.html,1st acct mtg after 5/3 closure LG says fraud,1st acct mtg after 5/3 closure LG says fraud,https://drive.google.com/open?id=1kjZlB2lcExoE9lnHNDyckxNrFkmcaAN2&usp=drive_fs,https://drive.google.com/open?id=1kh5Q-oJ_CCDhiAkdKgRvepSTE4WGlmZR&usp=drive_fs,59m 34s,https://showboatblastoff.github.io/zdata/2023-02-14_transcript_spark.html,,,,,https://uploads-ssl.webflow.com/646a27a54df1a31225a90bae/664139af39bab9b381fbebaf_5TzNHbfiXqPijLkA3X_QX2B6_eZFMt45w6Qy_YMCxW0.jpeg,https://uploads-ssl.webflow.com/646a27a54df1a31225a90bae/664136432b983b6bd9d27ac2_bR_GePxzBtM3W-cv4jrjuh3VajtJKkDbQdcANGQBGGM.png,Joseph Zangrilli,COO @ RBC,https://uploads-ssl.webflow.com/646a27a54df1a31225a90bae/664136432b983b6bd9d27ac7_fGX4Gm7pgFT7DnLB7cENdqb7hfHqXhRlTZ__E1AMsv8.png,Lucas Guariglia,CEO @ RBC,https://uploads-ssl.webflow.com/646a27a54df1a31225a90bae/664139a8800866ff4ca013c2_3czZBggq6ZQP5JRm7QQFVMhY8tkik2cWCXzicXhRQf4.png,Stephanie Morin,accountant @ spark,,,,,,,4,6,clip,2023-02-14 Accounting Meeting,Clip 4,5/3 & Chase closed for fraud,,
2023-02-14 C05 Accounting Meeting,2023-02-14-c05-accounting-meeting,65f3d093a0ca2d5ac211618a,664139b005ab8fea462ddde1,Sun May 12 2024 21:50:40 GMT+0000 (Coordinated Universal Time),Sun May 12 2024 21:50:40 GMT+0000 (Coordinated Universal Time),Tue Jun 11 2024 07:33:21 GMT+0000 (Coordinated Universal Time),Tue Feb 14 2023 06:00:00 GMT+0000 (Coordinated Universal Time),accounting; 53; chase; fiduciary,"Joseph Zangrilli, Lucas Guariglia, & Stephanie Morin",Accounting meeting,,,,https://drive.google.com/open?id=1kqi6MLZZY0bd7f9_YuNYx3O_fPsD1zhL&usp=drive_fs,LG has second friend at 5/3 help skirt signer issue,LG has second friend at 5/3 help skirt signer issue,6m 7s,https://drive.google.com/open?id=1krpJHDCRmEckm5-UkJmrQkfHjhe0XWsh&usp=drive_fs,https://showboatblastoff.github.io/zdata/2023-02-14_transcript_spark_05.html,1st acct mtg after 5/3 closure LG says fraud,1st acct mtg after 5/3 closure LG says fraud,https://drive.google.com/open?id=1kjZlB2lcExoE9lnHNDyckxNrFkmcaAN2&usp=drive_fs,https://drive.google.com/open?id=1kh5Q-oJ_CCDhiAkdKgRvepSTE4WGlmZR&usp=drive_fs,59m 34s,https://showboatblastoff.github.io/zdata/2023-02-14_transcript_spark.html,,,,,https://uploads-ssl.webflow.com/646a27a54df1a31225a90bae/664139b005ab8fea462ddd94_nPf-zx99vf0lajskj1EnieqsG5AFzarwKR5_gf1UzQ8.jpeg,https://uploads-ssl.webflow.com/646a27a54df1a31225a90bae/664136432b983b6bd9d27ac2_bR_GePxzBtM3W-cv4jrjuh3VajtJKkDbQdcANGQBGGM.png,Joseph Zangrilli,COO @ RBC,https://uploads-ssl.webflow.com/646a27a54df1a31225a90bae/664136432b983b6bd9d27ac7_fGX4Gm7pgFT7DnLB7cENdqb7hfHqXhRlTZ__E1AMsv8.png,Lucas Guariglia,CEO @ RBC,https://uploads-ssl.webflow.com/646a27a54df1a31225a90bae/664139a8800866ff4ca013c2_3czZBggq6ZQP5JRm7QQFVMhY8tkik2cWCXzicXhRQf4.png,Stephanie Morin,accountant @ spark,,,,,,,5,6,clip,2023-02-14 Accounting Meeting,Clip 5,5/3 & Chase closed for fraud,,
2023-02-14 C06 Accounting Meeting,2023-02-14-c06-accounting-meeting,65f3d093a0ca2d5ac211618a,664139b2aafe07944b0d4536,Sun May 12 2024 21:50:42 GMT+0000 (Coordinated Universal Time),Sun May 12 2024 21:50:42 GMT+0000 (Coordinated Universal Time),Tue Jun 11 2024 07:33:21 GMT+0000 (Coordinated Universal Time),Tue Feb 14 2023 06:00:00 GMT+0000 (Coordinated Universal Time),accounting; 53; chase; fiduciary,"Joseph Zangrilli, Lucas Guariglia, & Stephanie Morin",Accounting meeting,,,,https://drive.google.com/open?id=1kWJxKpQv65fZdwdt-tWyzOU6tEA44-7h&usp=drive_fs,"5/3 closure was fraud, Chase closure cust Zelle payment","5/3 closure was due to fraud, Chase closure customer Zelle payment (both)",4m 28s,https://drive.google.com/open?id=1kYfKoupg_E3SLgf2ihd6WEX3_T0uJy4f&usp=drive_fs,https://showboatblastoff.github.io/zdata/2023-02-14_transcript_spark_06.html,1st acct mtg after 5/3 closure LG says fraud,1st acct mtg after 5/3 closure LG says fraud,https://drive.google.com/open?id=1kjZlB2lcExoE9lnHNDyckxNrFkmcaAN2&usp=drive_fs,https://drive.google.com/open?id=1kh5Q-oJ_CCDhiAkdKgRvepSTE4WGlmZR&usp=drive_fs,59m 34s,https://showboatblastoff.github.io/zdata/2023-02-14_transcript_spark.html,,,,,https://uploads-ssl.webflow.com/646a27a54df1a31225a90bae/664139b2aafe07944b0d4518_mP0H1DvD2R_yRnAFzY2MjsxF0_MynuqoTGs1xKxjNA4.jpeg,https://uploads-ssl.webflow.com/646a27a54df1a31225a90bae/664136432b983b6bd9d27ac2_bR_GePxzBtM3W-cv4jrjuh3VajtJKkDbQdcANGQBGGM.png,Joseph Zangrilli,COO @ RBC,https://uploads-ssl.webflow.com/646a27a54df1a31225a90bae/664136432b983b6bd9d27ac7_fGX4Gm7pgFT7DnLB7cENdqb7hfHqXhRlTZ__E1AMsv8.png,Lucas Guariglia,CEO @ RBC,https://uploads-ssl.webflow.com/646a27a54df1a31225a90bae/664139a8800866ff4ca013c2_3czZBggq6ZQP5JRm7QQFVMhY8tkik2cWCXzicXhRQf4.png,Stephanie Morin,accountant @ spark,,,,,,,6,6,clip,2023-02-14 Accounting Meeting,Clip 6,5/3 & Chase closed for fraud,,
2023-02-20 C00 FT JZ LG Zoom,2023-02-20-c00-ft-jz-lg-zoom,65f3d093a0ca2d5ac211618a,664139b44fd2e84f6bc452b2,Sun May 12 2024 21:50:44 GMT+0000 (Coordinated Universal Time),Sat Jun 29 2024 18:38:08 GMT+0000 (Coordinated Universal Time),Sat Jun 29 2024 19:25:04 GMT+0000 (Coordinated Universal Time),Mon Feb 20 2023 17:07:00 GMT+0000 (Coordinated Universal Time),53; slander; intent; not-on-acct,Joseph Zangrilli & Lucas Guariglia,LG to JZ,,,,https://drive.google.com/open?id=12Nt1GWgQ3BubJqQob9qSDZnmnUcAIkR4&usp=drive_fs,LG wants more then 50% will let JZ let know plans ,LG wants more then 50% will let JZ let know plans ,2h 33m 04s,https://drive.google.com/open?id=12GfSTUBGbhAibrsFtP_IZacaQ9TbZwmn&usp=drive_fs,https://showboatblastoff.github.io/zdata/2023-02-20_transcript_jzlg.html,"LG: no 50-50, needs sales bonus, surprise: debt","LG: no 50-50, needs sales bonus, surprise: debt",https://drive.google.com/open?id=12SqTLTd9li3XAP-l5xUzHs28P6LnFbO3&usp=drive_fs,https://drive.google.com/open?id=12Nt1GWgQ3BubJqQob9qSDZnmnUcAIkR4&usp=drive_fs,2h 33m 04s,https://showboatblastoff.github.io/zdata/2023-02-20_transcript_jzlg.html,,,,,https://uploads-ssl.webflow.com/646a27a54df1a31225a90bae/664139b34fd2e84f6bc45254_bIADCDa9ziJVaRvZ5RCTo9C2ned-rRybMdka8jpUESQ.jpeg,https://uploads-ssl.webflow.com/646a27a54df1a31225a90bae/664136432b983b6bd9d27ac2_bR_GePxzBtM3W-cv4jrjuh3VajtJKkDbQdcANGQBGGM.png,Joseph Zangrilli,COO @ RBC,https://uploads-ssl.webflow.com/646a27a54df1a31225a90bae/664136432b983b6bd9d27ac7_fGX4Gm7pgFT7DnLB7cENdqb7hfHqXhRlTZ__E1AMsv8.png,Lucas Guariglia,CEO @ RBC,,,,,,,,,,0,0,full,2023-02-20 JZ LG Zoom,Full Tr.,LG ultimatum 50%+ or no RBC,,
2023-02-20 C01 JZ LG Zoom,2023-02-20-c01-jz-lg-zoom,65f3d093a0ca2d5ac211618a,664139b678cb2ca9ea8652da,Sun May 12 2024 21:50:46 GMT+0000 (Coordinated Universal Time),Sun May 12 2024 21:50:46 GMT+0000 (Coordinated Universal Time),Tue Jun 11 2024 07:33:21 GMT+0000 (Coordinated Universal Time),Mon Feb 20 2023 17:07:00 GMT+0000 (Coordinated Universal Time),53; slander; intent; not-on-acct,Joseph Zangrilli & Lucas Guariglia,LG to JZ,,,,https://drive.google.com/open?id=12T8ZODsG5-hsckG_WnYZIjJ1TcS-wwK9&usp=drive_fs,"LG incapable of working 50-50, workload is an issue w1","LG incapable of working 50-50, workload is an issue w1",8m 45s,https://drive.google.com/open?id=12VoAQA_Z53luZmf-gFQgIpbdQOoYmuVG&usp=drive_fs,https://showboatblastoff.github.io/zdata/2023-02-20_transcript_jzlg_01.html,"LG: no 50-50, needs sales bonus, surprise: debt","LG: no 50-50, needs sales bonus, surprise: debt",https://drive.google.com/open?id=12SqTLTd9li3XAP-l5xUzHs28P6LnFbO3&usp=drive_fs,https://drive.google.com/open?id=12Nt1GWgQ3BubJqQob9qSDZnmnUcAIkR4&usp=drive_fs,2h 33m 04s,https://showboatblastoff.github.io/zdata/2023-02-20_transcript_jzlg.html,,,,,https://uploads-ssl.webflow.com/646a27a54df1a31225a90bae/664139b578cb2ca9ea865289_Bm8Z0U2aTTTgUn-moFZzCQihMg70gOqA02rchj_24bM.jpeg,https://uploads-ssl.webflow.com/646a27a54df1a31225a90bae/664136432b983b6bd9d27ac2_bR_GePxzBtM3W-cv4jrjuh3VajtJKkDbQdcANGQBGGM.png,Joseph Zangrilli,COO @ RBC,https://uploads-ssl.webflow.com/646a27a54df1a31225a90bae/664136432b983b6bd9d27ac7_fGX4Gm7pgFT7DnLB7cENdqb7hfHqXhRlTZ__E1AMsv8.png,Lucas Guariglia,CEO @ RBC,,,,,,,,,,1,9,clip,2023-02-20 JZ LG Zoom,Clip 1,LG ultimatum 50%+ or no RBC,,
2023-02-20 C02 JZ LG Zoom,2023-02-20-c02-jz-lg-zoom,65f3d093a0ca2d5ac211618a,664139b87af20619f2dd4c48,Sun May 12 2024 21:50:48 GMT+0000 (Coordinated Universal Time),Sun May 12 2024 21:50:48 GMT+0000 (Coordinated Universal Time),Tue Jun 11 2024 07:33:21 GMT+0000 (Coordinated Universal Time),Mon Feb 20 2023 17:07:00 GMT+0000 (Coordinated Universal Time),53; slander; intent; not-on-acct,Joseph Zangrilli & Lucas Guariglia,LG to JZ,,,,https://drive.google.com/open?id=12W53UTPYA4sgnmwb0ZqnI6tD7AobVJ8s&usp=drive_fs,"LG will ""physically die"" if forced to work 50-50","LG will ""physically die"" if forced to work 50-50",13m 15s,https://drive.google.com/open?id=12WphiYU5zBXBPzrbtkOJFaapZKle8CWf&usp=drive_fs,https://showboatblastoff.github.io/zdata/2023-02-20_transcript_jzlg_02.html,"LG: no 50-50, needs sales bonus, surprise: debt","LG: no 50-50, needs sales bonus, surprise: debt",https://drive.google.com/open?id=12SqTLTd9li3XAP-l5xUzHs28P6LnFbO3&usp=drive_fs,https://drive.google.com/open?id=12Nt1GWgQ3BubJqQob9qSDZnmnUcAIkR4&usp=drive_fs,2h 33m 04s,https://showboatblastoff.github.io/zdata/2023-02-20_transcript_jzlg.html,,,,,https://uploads-ssl.webflow.com/646a27a54df1a31225a90bae/664139b87af20619f2dd4be8_9aRT2P7U0iGnd-LgL27WHM3SktHb4uWua7s1wAi6DHY.jpeg,https://uploads-ssl.webflow.com/646a27a54df1a31225a90bae/664136432b983b6bd9d27ac2_bR_GePxzBtM3W-cv4jrjuh3VajtJKkDbQdcANGQBGGM.png,Joseph Zangrilli,COO @ RBC,https://uploads-ssl.webflow.com/646a27a54df1a31225a90bae/664136432b983b6bd9d27ac7_fGX4Gm7pgFT7DnLB7cENdqb7hfHqXhRlTZ__E1AMsv8.png,Lucas Guariglia,CEO @ RBC,,,,,,,,,,2,9,clip,2023-02-20 JZ LG Zoom,Clip 2,LG ultimatum 50%+ or no RBC,,
2023-02-20 C03 JZ LG Zoom,2023-02-20-c03-jz-lg-zoom,65f3d093a0ca2d5ac211618a,664139ba5e094ec17d7e87eb,Sun May 12 2024 21:50:50 GMT+0000 (Coordinated Universal Time),Sun May 12 2024 21:50:50 GMT+0000 (Coordinated Universal Time),Tue Jun 11 2024 07:33:21 GMT+0000 (Coordinated Universal Time),Mon Feb 20 2023 17:07:00 GMT+0000 (Coordinated Universal Time),53; slander; intent; not-on-acct,Joseph Zangrilli & Lucas Guariglia,LG to JZ,,,,https://drive.google.com/open?id=12ZlXxCzWvyuSiZsr5IZa8b8i3zX24qtR&usp=drive_fs,"LG layoffs, workload not an issue lowest on pole w2 ",LG workload not an issue lowest on totem pole w2 layoffs,6m 54s,https://drive.google.com/open?id=12d80mYNZXoGVWGD3wAwvICc-sAi1pOPQ&usp=drive_fs,https://showboatblastoff.github.io/zdata/2023-02-20_transcript_jzlg_03.html,"LG: no 50-50, needs sales bonus, surprise: debt","LG: no 50-50, needs sales bonus, surprise: debt",https://drive.google.com/open?id=12SqTLTd9li3XAP-l5xUzHs28P6LnFbO3&usp=drive_fs,https://drive.google.com/open?id=12Nt1GWgQ3BubJqQob9qSDZnmnUcAIkR4&usp=drive_fs,2h 33m 04s,https://showboatblastoff.github.io/zdata/2023-02-20_transcript_jzlg.html,,,,,https://uploads-ssl.webflow.com/646a27a54df1a31225a90bae/664139ba5e094ec17d7e879d_eliKjxlEP0M3BFa_1c5-D4bKZ-tgW7l1UdTHw5IeYgY.jpeg,https://uploads-ssl.webflow.com/646a27a54df1a31225a90bae/664136432b983b6bd9d27ac2_bR_GePxzBtM3W-cv4jrjuh3VajtJKkDbQdcANGQBGGM.png,Joseph Zangrilli,COO @ RBC,https://uploads-ssl.webflow.com/646a27a54df1a31225a90bae/664136432b983b6bd9d27ac7_fGX4Gm7pgFT7DnLB7cENdqb7hfHqXhRlTZ__E1AMsv8.png,Lucas Guariglia,CEO @ RBC,,,,,,,,,,3,9,clip,2023-02-20 JZ LG Zoom,Clip 3,LG ultimatum 50%+ or no RBC,,
2023-02-20 C04 JZ LG Zoom,2023-02-20-c04-jz-lg-zoom,65f3d093a0ca2d5ac211618a,664139bdeb1d3efaee2fb25d,Sun May 12 2024 21:50:53 GMT+0000 (Coordinated Universal Time),Sun May 12 2024 21:50:53 GMT+0000 (Coordinated Universal Time),Tue Jun 11 2024 07:33:21 GMT+0000 (Coordinated Universal Time),Mon Feb 20 2023 17:07:00 GMT+0000 (Coordinated Universal Time),53; slander; intent; not-on-acct,Joseph Zangrilli & Lucas Guariglia,LG to JZ,,,,https://drive.google.com/open?id=12ePO7eLf8sqZI6l6y2OwCLws3kFe3O0q&usp=drive_fs,LG says fraud at 5/3 doesnt matter JZ liability?,LG says fraud at 5/3 doesnt matter JZ liability?,8m 4s,https://drive.google.com/open?id=12loNUvlZJvUC3oNKs1EI-XkHkyygLLY1&usp=drive_fs,https://showboatblastoff.github.io/zdata/2023-02-20_transcript_jzlg_04.html,"LG: no 50-50, needs sales bonus, surprise: debt","LG: no 50-50, needs sales bonus, surprise: debt",https://drive.google.com/open?id=12SqTLTd9li3XAP-l5xUzHs28P6LnFbO3&usp=drive_fs,https://drive.google.com/open?id=12Nt1GWgQ3BubJqQob9qSDZnmnUcAIkR4&usp=drive_fs,2h 33m 04s,https://showboatblastoff.github.io/zdata/2023-02-20_transcript_jzlg.html,,,,,https://uploads-ssl.webflow.com/646a27a54df1a31225a90bae/664139bbeb1d3efaee2fadc2_MzTsqCxq8ZhUwDRcVRN1HKBLnBDniLGEIAC3dQH6UIQ.jpeg,https://uploads-ssl.webflow.com/646a27a54df1a31225a90bae/664136432b983b6bd9d27ac2_bR_GePxzBtM3W-cv4jrjuh3VajtJKkDbQdcANGQBGGM.png,Joseph Zangrilli,COO @ RBC,https://uploads-ssl.webflow.com/646a27a54df1a31225a90bae/664136432b983b6bd9d27ac7_fGX4Gm7pgFT7DnLB7cENdqb7hfHqXhRlTZ__E1AMsv8.png,Lucas Guariglia,CEO @ RBC,,,,,,,,,,4,9,clip,2023-02-20 JZ LG Zoom,Clip 4,LG ultimatum 50%+ or no RBC,,
2023-02-20 C05 JZ LG Zoom,2023-02-20-c05-jz-lg-zoom,65f3d093a0ca2d5ac211618a,664139bf78cb2ca9ea8662e5,Sun May 12 2024 21:50:55 GMT+0000 (Coordinated Universal Time),Sun May 12 2024 21:50:55 GMT+0000 (Coordinated Universal Time),Tue Jun 11 2024 07:33:21 GMT+0000 (Coordinated Universal Time),Mon Feb 20 2023 17:07:00 GMT+0000 (Coordinated Universal Time),53; slander; intent; not-on-acct,Joseph Zangrilli & Lucas Guariglia,LG to JZ,,,,https://drive.google.com/open?id=12ne1GC0RCFjkVV2hhLPc-j9l8yBR3oiH&usp=drive_fs,LG admits biz stops if 50-50. Workload is prob again w3,LG admits biz wont go on if 50-50. Workload is problem again w3,12m 2s,https://drive.google.com/open?id=12whrThMh-owwJFWKWvocmD_Ou4xoE3PK&usp=drive_fs,https://showboatblastoff.github.io/zdata/2023-02-20_transcript_jzlg_05.html,"LG: no 50-50, needs sales bonus, surprise: debt","LG: no 50-50, needs sales bonus, surprise: debt",https://drive.google.com/open?id=12SqTLTd9li3XAP-l5xUzHs28P6LnFbO3&usp=drive_fs,https://drive.google.com/open?id=12Nt1GWgQ3BubJqQob9qSDZnmnUcAIkR4&usp=drive_fs,2h 33m 04s,https://showboatblastoff.github.io/zdata/2023-02-20_transcript_jzlg.html,,,,,https://uploads-ssl.webflow.com/646a27a54df1a31225a90bae/664139be78cb2ca9ea86613f_8HsGR5kowMPJT-szzGhN2NWD_Qm5tnZo3RE_5mCX2WE.jpeg,https://uploads-ssl.webflow.com/646a27a54df1a31225a90bae/664136432b983b6bd9d27ac2_bR_GePxzBtM3W-cv4jrjuh3VajtJKkDbQdcANGQBGGM.png,Joseph Zangrilli,COO @ RBC,https://uploads-ssl.webflow.com/646a27a54df1a31225a90bae/664136432b983b6bd9d27ac7_fGX4Gm7pgFT7DnLB7cENdqb7hfHqXhRlTZ__E1AMsv8.png,Lucas Guariglia,CEO @ RBC,,,,,,,,,,5,9,clip,2023-02-20 JZ LG Zoom,Clip 5,LG ultimatum 50%+ or no RBC,,
2023-02-20 C06 JZ LG Zoom,2023-02-20-c06-jz-lg-zoom,65f3d093a0ca2d5ac211618a,664139c191d293426a9a1aa4,Sun May 12 2024 21:50:57 GMT+0000 (Coordinated Universal Time),Sun May 12 2024 21:50:57 GMT+0000 (Coordinated Universal Time),Tue Jun 11 2024 07:33:21 GMT+0000 (Coordinated Universal Time),Mon Feb 20 2023 17:07:00 GMT+0000 (Coordinated Universal Time),53; slander; intent; not-on-acct,Joseph Zangrilli & Lucas Guariglia,LG to JZ,,,,https://drive.google.com/open?id=12y9_WZdvMNLfO-DIiNvitOaE5pQW3dK_&usp=drive_fs,LG says equity changed needs to change from 50-50,LG says equity changed needs to change from 50-50,10m 54s,https://drive.google.com/open?id=12yhyKgnpbJjOlJqH_L_DWcsfBi1_jG9s&usp=drive_fs,https://showboatblastoff.github.io/zdata/2023-02-20_transcript_jzlg_06.html,"LG: no 50-50, needs sales bonus, surprise: debt","LG: no 50-50, needs sales bonus, surprise: debt",https://drive.google.com/open?id=12SqTLTd9li3XAP-l5xUzHs28P6LnFbO3&usp=drive_fs,https://drive.google.com/open?id=12Nt1GWgQ3BubJqQob9qSDZnmnUcAIkR4&usp=drive_fs,2h 33m 04s,https://showboatblastoff.github.io/zdata/2023-02-20_transcript_jzlg.html,,,,,https://uploads-ssl.webflow.com/646a27a54df1a31225a90bae/664139c191d293426a9a1a5e_IeCK7R2TAm6M_g5iy4OOZUI3F0TFJZ-6nxG9SBQ7usM.jpeg,https://uploads-ssl.webflow.com/646a27a54df1a31225a90bae/664136432b983b6bd9d27ac2_bR_GePxzBtM3W-cv4jrjuh3VajtJKkDbQdcANGQBGGM.png,Joseph Zangrilli,COO @ RBC,https://uploads-ssl.webflow.com/646a27a54df1a31225a90bae/664136432b983b6bd9d27ac7_fGX4Gm7pgFT7DnLB7cENdqb7hfHqXhRlTZ__E1AMsv8.png,Lucas Guariglia,CEO @ RBC,,,,,,,,,,6,9,clip,2023-02-20 JZ LG Zoom,Clip 6,LG ultimatum 50%+ or no RBC,,
2023-02-20 C07 JZ LG Zoom,2023-02-20-c07-jz-lg-zoom,65f3d093a0ca2d5ac211618a,664139c3aafe07944b0d593c,Sun May 12 2024 21:50:59 GMT+0000 (Coordinated Universal Time),Sun May 12 2024 21:50:59 GMT+0000 (Coordinated Universal Time),Tue Jun 11 2024 07:33:21 GMT+0000 (Coordinated Universal Time),Mon Feb 20 2023 17:07:00 GMT+0000 (Coordinated Universal Time),53; slander; intent; not-on-acct,Joseph Zangrilli & Lucas Guariglia,LG to JZ,,,,https://drive.google.com/open?id=138PaJtf8iyUB-4Xrb0fFeYrIkj08DS7p&usp=drive_fs,LG is a value added to the business. His decision,LG is a value added to the business. His decision,5m 59s,https://drive.google.com/open?id=13G0M1-Tz-ohE-lifJt76dV88V1zItu-0&usp=drive_fs,https://showboatblastoff.github.io/zdata/2023-02-20_transcript_jzlg_07.html,"LG: no 50-50, needs sales bonus, surprise: debt","LG: no 50-50, needs sales bonus, surprise: debt",https://drive.google.com/open?id=12SqTLTd9li3XAP-l5xUzHs28P6LnFbO3&usp=drive_fs,https://drive.google.com/open?id=12Nt1GWgQ3BubJqQob9qSDZnmnUcAIkR4&usp=drive_fs,2h 33m 04s,https://showboatblastoff.github.io/zdata/2023-02-20_transcript_jzlg.html,,,,,https://uploads-ssl.webflow.com/646a27a54df1a31225a90bae/664139c2aafe07944b0d5747_uZHYzeDMYU5oKcnHC2LACR5rdzp9uONCjGocEhkSsHU.jpeg,https://uploads-ssl.webflow.com/646a27a54df1a31225a90bae/664136432b983b6bd9d27ac2_bR_GePxzBtM3W-cv4jrjuh3VajtJKkDbQdcANGQBGGM.png,Joseph Zangrilli,COO @ RBC,https://uploads-ssl.webflow.com/646a27a54df1a31225a90bae/664136432b983b6bd9d27ac7_fGX4Gm7pgFT7DnLB7cENdqb7hfHqXhRlTZ__E1AMsv8.png,Lucas Guariglia,CEO @ RBC,,,,,,,,,,7,9,clip,2023-02-20 JZ LG Zoom,Clip 7,LG ultimatum 50%+ or no RBC,,
2023-02-20 C08 JZ LG Zoom,2023-02-20-c08-jz-lg-zoom,65f3d093a0ca2d5ac211618a,664139c478cb2ca9ea866726,Sun May 12 2024 21:51:00 GMT+0000 (Coordinated Universal Time),Sun May 12 2024 21:51:00 GMT+0000 (Coordinated Universal Time),Tue Jun 11 2024 07:33:21 GMT+0000 (Coordinated Universal Time),Mon Feb 20 2023 17:07:00 GMT+0000 (Coordinated Universal Time),53; slander; intent; not-on-acct,Joseph Zangrilli & Lucas Guariglia,LG to JZ,,,,https://drive.google.com/open?id=13N9yvKKrdcAGkSYmoH7JtmVCTzjVn5QG&usp=drive_fs,LG cant understand agrmnt back to business as usual,LG cant understand agrmnt back to business as usual,27m 0s,https://drive.google.com/open?id=13aUnP6ymoEvpacvBKS7wyEfOIch2LCKX&usp=drive_fs,https://showboatblastoff.github.io/zdata/2023-02-20_transcript_jzlg_08.html,"LG: no 50-50, needs sales bonus, surprise: debt","LG: no 50-50, needs sales bonus, surprise: debt",https://drive.google.com/open?id=12SqTLTd9li3XAP-l5xUzHs28P6LnFbO3&usp=drive_fs,https://drive.google.com/open?id=12Nt1GWgQ3BubJqQob9qSDZnmnUcAIkR4&usp=drive_fs,2h 33m 04s,https://showboatblastoff.github.io/zdata/2023-02-20_transcript_jzlg.html,,,,,https://uploads-ssl.webflow.com/646a27a54df1a31225a90bae/664139c378cb2ca9ea8666f5_5jTLaaweSwWmoGNU2kR4lR52pcemKWyNXGGbA8N9hSU.jpeg,https://uploads-ssl.webflow.com/646a27a54df1a31225a90bae/664136432b983b6bd9d27ac2_bR_GePxzBtM3W-cv4jrjuh3VajtJKkDbQdcANGQBGGM.png,Joseph Zangrilli,COO @ RBC,https://uploads-ssl.webflow.com/646a27a54df1a31225a90bae/664136432b983b6bd9d27ac7_fGX4Gm7pgFT7DnLB7cENdqb7hfHqXhRlTZ__E1AMsv8.png,Lucas Guariglia,CEO @ RBC,,,,,,,,,,8,9,clip,2023-02-20 JZ LG Zoom,Clip 8,LG ultimatum 50%+ or no RBC,,
2023-02-20 C09 JZ LG Zoom,2023-02-20-c09-jz-lg-zoom,65f3d093a0ca2d5ac211618a,664139c5c2ce760f18404e78,Sun May 12 2024 21:51:01 GMT+0000 (Coordinated Universal Time),Sun May 12 2024 21:51:01 GMT+0000 (Coordinated Universal Time),Tue Jun 11 2024 07:33:21 GMT+0000 (Coordinated Universal Time),Mon Feb 20 2023 17:07:00 GMT+0000 (Coordinated Universal Time),53; slander; intent; not-on-acct,Joseph Zangrilli & Lucas Guariglia,LG to JZ,,,,https://drive.google.com/open?id=13hneQjYeKlVBjfWsrRfeejpgOV2vNFFW&usp=drive_fs,"JZ on eggshells BA stays, LG compares RBC to dating","JZ gets BA to stay, JZ on eggshells, LG compares RBC to dating",11m 40s,https://drive.google.com/open?id=13qk4z4-j75CUaOsCPUhW9JF3t8KP-CZ8&usp=drive_fs,https://showboatblastoff.github.io/zdata/2023-02-20_transcript_jzlg_09.html,"LG: no 50-50, needs sales bonus, surprise: debt","LG: no 50-50, needs sales bonus, surprise: debt",https://drive.google.com/open?id=12SqTLTd9li3XAP-l5xUzHs28P6LnFbO3&usp=drive_fs,https://drive.google.com/open?id=12Nt1GWgQ3BubJqQob9qSDZnmnUcAIkR4&usp=drive_fs,2h 33m 04s,https://showboatblastoff.github.io/zdata/2023-02-20_transcript_jzlg.html,,,,,https://uploads-ssl.webflow.com/646a27a54df1a31225a90bae/664139c4c2ce760f18404e52_bQcPqPU60w3d6DaL8U5dKs4aDPBx-H8a23Cj8P5P9lU.jpeg,https://uploads-ssl.webflow.com/646a27a54df1a31225a90bae/664136432b983b6bd9d27ac2_bR_GePxzBtM3W-cv4jrjuh3VajtJKkDbQdcANGQBGGM.png,Joseph Zangrilli,COO @ RBC,https://uploads-ssl.webflow.com/646a27a54df1a31225a90bae/664136432b983b6bd9d27ac7_fGX4Gm7pgFT7DnLB7cENdqb7hfHqXhRlTZ__E1AMsv8.png,Lucas Guariglia,CEO @ RBC,,,,,,,,,,9,9,clip,2023-02-20 JZ LG Zoom,Clip 9,LG ultimatum 50%+ or no RBC,,
2023-03-15 Accounting Meeting,2023-03-15-accounting-meeting,65f3d093a0ca2d5ac211618a,664139c7c2ce760f18405194,Sun May 12 2024 21:51:03 GMT+0000 (Coordinated Universal Time),Sun May 12 2024 21:51:03 GMT+0000 (Coordinated Universal Time),Tue Jun 11 2024 07:33:21 GMT+0000 (Coordinated Universal Time),Wed Mar 15 2023 05:00:00 GMT+0000 (Coordinated Universal Time),intent; ignored; collusion; 53,"Joseph Zangrilli, Lucas Guariglia, & Stephanie Morin",Accounting meetng,,,,,,,53m 56s,,https://showboatblastoff.github.io/zdata/,,,,,53m 56s,https://showboatblastoff.github.io/zdata/,,,,,https://uploads-ssl.webflow.com/646a27a54df1a31225a90bae/6641398850e175b325bdb63e_gH41gsdbjJrEi2uPiXvj9550w479-oYrLGIGh31KHQI.jpeg,https://uploads-ssl.webflow.com/646a27a54df1a31225a90bae/664136432b983b6bd9d27ac2_bR_GePxzBtM3W-cv4jrjuh3VajtJKkDbQdcANGQBGGM.png,Joseph Zangrilli,COO @ RBC,https://uploads-ssl.webflow.com/646a27a54df1a31225a90bae/664136432b983b6bd9d27ac7_fGX4Gm7pgFT7DnLB7cENdqb7hfHqXhRlTZ__E1AMsv8.png,Lucas Guariglia,CEO @ RBC,https://uploads-ssl.webflow.com/646a27a54df1a31225a90bae/664139a8800866ff4ca013c2_3czZBggq6ZQP5JRm7QQFVMhY8tkik2cWCXzicXhRQf4.png,Stephanie Morin,accountant @ spark,,,,,,,0,0,full,2023-03-15 Accounting meeting,Full Tr.,JZ finds out new accts no JZ,,
2023-04-11 AM C00 FT LG no sales goals JZ not on acct,2023-04-11-am-c00-ft-lg-no-sales-goals-jz-not-on-acct,65f3d093a0ca2d5ac211618a,664139d5eca1ddeb658f68c3,Sun May 12 2024 21:51:17 GMT+0000 (Coordinated Universal Time),Sun May 12 2024 21:51:17 GMT+0000 (Coordinated Universal Time),Tue Jun 11 2024 07:33:21 GMT+0000 (Coordinated Universal Time),Tue Apr 11 2023 18:00:00 GMT+0000 (Coordinated Universal Time),,Joseph Zangrilli & Lucas Guariglia,LG to JZ,,,,https://drive.google.com/open?id=1UIrOBPh88a7YWOqrVRrolrG3IcfhqPGw&usp=drive_fs,Acct Mtg SM reads from script LG emailed ,Acct Mtg SM reads from script LG emailed ,1h 35m 31s,https://drive.google.com/open?id=1UUMIOBvHwNKx3QGf2bE3XXdgHGAXQl7x&usp=drive_fs,https://showboatblastoff.github.io/zdata/2023-04-11_am_transcript.html,Acct Mtg SM reads from script LG emailed,Acct Mtg SM reads from script LG emailed,https://drive.google.com/open?id=1UIrOBPh88a7YWOqrVRrolrG3IcfhqPGw&usp=drive_fs,https://drive.google.com/open?id=1UIrOBPh88a7YWOqrVRrolrG3IcfhqPGw&usp=drive_fs,1h 35m,https://showboatblastoff.github.io/zdata/2023-04-11_am_transcript.html,,,,,https://uploads-ssl.webflow.com/646a27a54df1a31225a90bae/664139d4eca1ddeb658f688c_He6e_h8AyBIp5N6PMWMt_KimUym1UVzTaKbZMjyTSGg.jpeg,https://uploads-ssl.webflow.com/646a27a54df1a31225a90bae/664136432b983b6bd9d27ac2_bR_GePxzBtM3W-cv4jrjuh3VajtJKkDbQdcANGQBGGM.png,Joseph Zangrilli,COO @ RBC,https://uploads-ssl.webflow.com/646a27a54df1a31225a90bae/664136432b983b6bd9d27ac7_fGX4Gm7pgFT7DnLB7cENdqb7hfHqXhRlTZ__E1AMsv8.png,Lucas Guariglia,CEO @ RBC,https://uploads-ssl.webflow.com/646a27a54df1a31225a90bae/664139a8800866ff4ca013c2_3czZBggq6ZQP5JRm7QQFVMhY8tkik2cWCXzicXhRQf4.png,Stephanie Morin,accountant @ spark,,,,,,,1,6,full,2023-04-11 01 Accounting meeting,Full Tr., 5/3 no JZ no sales goal 75% cog,,
2023-04-11 AM C01 JZ calls out false accus. LG says 100% his fault,2023-04-11-am-c01-jz-calls-out-false-accus-lg-says-100percent-his-fault,65f3d093a0ca2d5ac211618a,664139d6a3098a7e6366815b,Sun May 12 2024 21:51:18 GMT+0000 (Coordinated Universal Time),Sun May 12 2024 21:51:18 GMT+0000 (Coordinated Universal Time),Tue Jun 11 2024 07:33:21 GMT+0000 (Coordinated Universal Time),Tue Apr 11 2023 18:00:00 GMT+0000 (Coordinated Universal Time),,Joseph Zangrilli & Lucas Guariglia,LG to JZ,,,,https://drive.google.com/open?id=1LL2wR4CBJlS3cCmEAXiveZdAY4p_uXeT&usp=drive_fs,"JZ does his own financials, LG provides none","JZ does his own financials, LG provides none",3m 31s,https://drive.google.com/open?id=1LQ2Zvtv7-KkJ1hN48FluGqHs0w_7OMbh&usp=drive_fs,https://showboatblastoff.github.io/zdata/2023-04-11_am_transcript_01.html,Acct Mtg SM reads from script LG emailed,Acct Mtg SM reads from script LG emailed,https://drive.google.com/open?id=1UIrOBPh88a7YWOqrVRrolrG3IcfhqPGw&usp=drive_fs,https://drive.google.com/open?id=1UIrOBPh88a7YWOqrVRrolrG3IcfhqPGw&usp=drive_fs,1h 35m,https://showboatblastoff.github.io/zdata/2023-04-11_am_transcript.html,,,,,https://uploads-ssl.webflow.com/646a27a54df1a31225a90bae/664139d6a3098a7e6366810e_RiI1FTvMjJXY2eeQnhszKK6m-8383APCu73t59bAwOs.jpeg,https://uploads-ssl.webflow.com/646a27a54df1a31225a90bae/664136432b983b6bd9d27ac2_bR_GePxzBtM3W-cv4jrjuh3VajtJKkDbQdcANGQBGGM.png,Joseph Zangrilli,COO @ RBC,https://uploads-ssl.webflow.com/646a27a54df1a31225a90bae/664136432b983b6bd9d27ac7_fGX4Gm7pgFT7DnLB7cENdqb7hfHqXhRlTZ__E1AMsv8.png,Lucas Guariglia,CEO @ RBC,https://uploads-ssl.webflow.com/646a27a54df1a31225a90bae/664139a8800866ff4ca013c2_3czZBggq6ZQP5JRm7QQFVMhY8tkik2cWCXzicXhRQf4.png,Stephanie Morin,accountant @ spark,,,,,,,2,6,clip,2023-04-11 01 Accounting meeting,Clip 1, 5/3 no JZ no sales goal 75% cog,,
2023-04-11 AM C02 JZ addresses misappro and misinfo to acct,2023-04-11-am-c02-jz-addresses-misappro-and-misinfo-to-acct,65f3d093a0ca2d5ac211618a,664139d739bab9b381fc294a,Sun May 12 2024 21:51:19 GMT+0000 (Coordinated Universal Time),Sun May 12 2024 21:51:19 GMT+0000 (Coordinated Universal Time),Tue Jun 11 2024 07:33:21 GMT+0000 (Coordinated Universal Time),Tue Apr 11 2023 18:00:00 GMT+0000 (Coordinated Universal Time),,Joseph Zangrilli & Lucas Guariglia,LG to JZ,,,,https://drive.google.com/open?id=1LQTnUfGTmIBzkEGr0neMucVO1hgQ6Byc&usp=drive_fs,SM wants to figure out how 75% COG,SM wants to figure out how 75% COG,12m 56s,https://drive.google.com/open?id=1LVjvqYb2i87MMeAN4Snd05Q1eHVeYKHp&usp=drive_fs,https://showboatblastoff.github.io/zdata/2023-04-11_am_transcript_02.html,Acct Mtg SM reads from script LG emailed,Acct Mtg SM reads from script LG emailed,https://drive.google.com/open?id=1UIrOBPh88a7YWOqrVRrolrG3IcfhqPGw&usp=drive_fs,https://drive.google.com/open?id=1UIrOBPh88a7YWOqrVRrolrG3IcfhqPGw&usp=drive_fs,1h 35m,https://showboatblastoff.github.io/zdata/2023-04-11_am_transcript.html,,,,,https://uploads-ssl.webflow.com/646a27a54df1a31225a90bae/664139d739bab9b381fc28f5_hqZnWRt2ANF-nvrlKnFYKRXjWgG2FvAYaXFk6A66CtM.jpeg,https://uploads-ssl.webflow.com/646a27a54df1a31225a90bae/664136432b983b6bd9d27ac2_bR_GePxzBtM3W-cv4jrjuh3VajtJKkDbQdcANGQBGGM.png,Joseph Zangrilli,COO @ RBC,https://uploads-ssl.webflow.com/646a27a54df1a31225a90bae/664136432b983b6bd9d27ac7_fGX4Gm7pgFT7DnLB7cENdqb7hfHqXhRlTZ__E1AMsv8.png,Lucas Guariglia,CEO @ RBC,https://uploads-ssl.webflow.com/646a27a54df1a31225a90bae/664139a8800866ff4ca013c2_3czZBggq6ZQP5JRm7QQFVMhY8tkik2cWCXzicXhRQf4.png,Stephanie Morin,accountant @ spark,,,,,,,3,6,clip,2023-04-11 01 Accounting meeting,Clip 2, 5/3 no JZ no sales goal 75% cog,,
2023-04-11 AM C03 ,2023-04-11-am-c03,65f3d093a0ca2d5ac211618a,664139d9acc71b41a3c70d01,Sun May 12 2024 21:51:21 GMT+0000 (Coordinated Universal Time),Sun May 12 2024 21:51:21 GMT+0000 (Coordinated Universal Time),Tue Jun 11 2024 07:33:21 GMT+0000 (Coordinated Universal Time),Tue Apr 11 2023 18:00:00 GMT+0000 (Coordinated Universal Time),,Joseph Zangrilli & Lucas Guariglia,LG to JZ,,,,https://drive.google.com/open?id=1ThJNPANDf8uBychhXePlBSrMpa_su3dQ&usp=drive_fs,75% COG overseas Const SM says ok to say no to cust,75% COG overseas Const SM says ok to say no to cust,7m 56s,https://drive.google.com/open?id=1TiQZwzSdYBtetX4ig5dCLeaRzvdIyxcG&usp=drive_fs,https://showboatblastoff.github.io/zdata/2023-04-11_am_transcript_03.html,Acct Mtg SM reads from script LG emailed,Acct Mtg SM reads from script LG emailed,https://drive.google.com/open?id=1UIrOBPh88a7YWOqrVRrolrG3IcfhqPGw&usp=drive_fs,https://drive.google.com/open?id=1UIrOBPh88a7YWOqrVRrolrG3IcfhqPGw&usp=drive_fs,1h 35m,https://showboatblastoff.github.io/zdata/2023-04-11_am_transcript.html,,,,,https://uploads-ssl.webflow.com/646a27a54df1a31225a90bae/664139d9acc71b41a3c70c85_d3ZlvOO5oZCSkIq92yNQnykCrklu0YYdxwOVcT8xg2A.jpeg,https://uploads-ssl.webflow.com/646a27a54df1a31225a90bae/664136432b983b6bd9d27ac2_bR_GePxzBtM3W-cv4jrjuh3VajtJKkDbQdcANGQBGGM.png,Joseph Zangrilli,COO @ RBC,https://uploads-ssl.webflow.com/646a27a54df1a31225a90bae/664136432b983b6bd9d27ac7_fGX4Gm7pgFT7DnLB7cENdqb7hfHqXhRlTZ__E1AMsv8.png,Lucas Guariglia,CEO @ RBC,https://uploads-ssl.webflow.com/646a27a54df1a31225a90bae/664139a8800866ff4ca013c2_3czZBggq6ZQP5JRm7QQFVMhY8tkik2cWCXzicXhRQf4.png,Stephanie Morin,accountant @ spark,,,,,,,4,6,clip,2023-04-11 01 Accounting meeting,Clip 3, 5/3 no JZ no sales goal 75% cog,,
2023-04-11  AM C04,2023-04-11-am-c04,65f3d093a0ca2d5ac211618a,664139da78cb2ca9ea86845f,Sun May 12 2024 21:51:22 GMT+0000 (Coordinated Universal Time),Sun May 12 2024 21:51:22 GMT+0000 (Coordinated Universal Time),Tue Jun 11 2024 07:33:21 GMT+0000 (Coordinated Universal Time),Tue Apr 11 2023 18:00:00 GMT+0000 (Coordinated Universal Time),,Joseph Zangrilli & Lucas Guariglia,LG to JZ,,,,https://drive.google.com/open?id=1TkuieCmi5g6vc4s6vYLxJESQMyTIE9js&usp=drive_fs,"JZ not on multiple unapproved 53 accounts, SM acknowledges","JZ not on multiple unapproved 53 accounts, SM acknowledges",5m 19s,https://drive.google.com/open?id=1U37y6KZAI1Pmg8A6DeKIRE9gwX1fw3fR&usp=drive_fs,https://showboatblastoff.github.io/zdata/2023-04-11_am_transcript_04.html,Acct Mtg SM reads from script LG emailed,Acct Mtg SM reads from script LG emailed,https://drive.google.com/open?id=1UIrOBPh88a7YWOqrVRrolrG3IcfhqPGw&usp=drive_fs,https://drive.google.com/open?id=1UIrOBPh88a7YWOqrVRrolrG3IcfhqPGw&usp=drive_fs,1h 35m,https://showboatblastoff.github.io/zdata/2023-04-11_am_transcript.html,,,,,https://uploads-ssl.webflow.com/646a27a54df1a31225a90bae/664139da78cb2ca9ea868443_dRKLPueCTlA5AJfwOAhQX-s-p1IgUM70_bCb1LVsWxA.jpeg,https://uploads-ssl.webflow.com/646a27a54df1a31225a90bae/664136432b983b6bd9d27ac2_bR_GePxzBtM3W-cv4jrjuh3VajtJKkDbQdcANGQBGGM.png,Joseph Zangrilli,COO @ RBC,https://uploads-ssl.webflow.com/646a27a54df1a31225a90bae/664136432b983b6bd9d27ac7_fGX4Gm7pgFT7DnLB7cENdqb7hfHqXhRlTZ__E1AMsv8.png,Lucas Guariglia,CEO @ RBC,https://uploads-ssl.webflow.com/646a27a54df1a31225a90bae/664139a8800866ff4ca013c2_3czZBggq6ZQP5JRm7QQFVMhY8tkik2cWCXzicXhRQf4.png,Stephanie Morin,accountant @ spark,,,,,,,5,6,clip,2023-04-11 01 Accounting meeting,Clip 4, 5/3 no JZ no sales goal 75% cog,,
2023-04-11 AM C05 ,2023-04-11-am-c05,65f3d093a0ca2d5ac211618a,664139dcfbcc0a76ee768319,Sun May 12 2024 21:51:23 GMT+0000 (Coordinated Universal Time),Sun May 12 2024 21:51:23 GMT+0000 (Coordinated Universal Time),Tue Jun 11 2024 07:33:21 GMT+0000 (Coordinated Universal Time),Tue Apr 11 2023 18:00:00 GMT+0000 (Coordinated Universal Time),,Joseph Zangrilli & Lucas Guariglia,LG to JZ,,,,https://drive.google.com/open?id=1U6NNfZ7z13GfJ00z3I-NOUqdCcubLS2r&usp=drive_fs,LG no JZ on 53 acct despite showing fake documents,LG no JZ on 53 acct despite showing fake documents,3m 59s,https://drive.google.com/open?id=1U8mmmaOknqAhmZ-ZaN7RXr-YE1Dv0Svm&usp=drive_fs,https://showboatblastoff.github.io/zdata/2023-04-11_am_transcript_05.html,Acct Mtg SM reads from script LG emailed,Acct Mtg SM reads from script LG emailed,https://drive.google.com/open?id=1UIrOBPh88a7YWOqrVRrolrG3IcfhqPGw&usp=drive_fs,https://drive.google.com/open?id=1UIrOBPh88a7YWOqrVRrolrG3IcfhqPGw&usp=drive_fs,1h 35m,https://showboatblastoff.github.io/zdata/2023-04-11_am_transcript.html,,,,,https://uploads-ssl.webflow.com/646a27a54df1a31225a90bae/664139dbfbcc0a76ee7680f2_A88wA5BQbiGcfLRX0lLLSwkdU_PdyH-wIKV2q3bOnJE.jpeg,https://uploads-ssl.webflow.com/646a27a54df1a31225a90bae/664136432b983b6bd9d27ac2_bR_GePxzBtM3W-cv4jrjuh3VajtJKkDbQdcANGQBGGM.png,Joseph Zangrilli,COO @ RBC,https://uploads-ssl.webflow.com/646a27a54df1a31225a90bae/664136432b983b6bd9d27ac7_fGX4Gm7pgFT7DnLB7cENdqb7hfHqXhRlTZ__E1AMsv8.png,Lucas Guariglia,CEO @ RBC,https://uploads-ssl.webflow.com/646a27a54df1a31225a90bae/664139a8800866ff4ca013c2_3czZBggq6ZQP5JRm7QQFVMhY8tkik2cWCXzicXhRQf4.png,Stephanie Morin,accountant @ spark,,,,,,,6,6,clip,2023-04-11 01 Accounting meeting,Clip 5, 5/3 no JZ no sales goal 75% cog,,
2023-04-11 C00 FT LG says its right as human being,2023-04-11-c00-ft-lg-says-its-right-as-human-being,65f3d093a0ca2d5ac211618a,664139c872d7a820302baa45,Sun May 12 2024 21:51:04 GMT+0000 (Coordinated Universal Time),Sun May 12 2024 21:51:04 GMT+0000 (Coordinated Universal Time),Tue Jun 11 2024 07:33:21 GMT+0000 (Coordinated Universal Time),Tue Apr 11 2023 23:00:00 GMT+0000 (Coordinated Universal Time),intent; 53; fa-embezz; fa-11-11; admits; 50-50,Joseph Zangrilli & Lucas Guariglia,LG to JZ,,,,https://drive.google.com/open?id=1KxFPGt_blKiR2tqXlVRhXdAv0QJz6dlU&usp=drive_fs,"LG says 100% his fault. It's LG ""right as a human being""","Full transcript: After acct mtg JZ calls out false accusations. LG says 100% his fault. LG acknowledges claims are false says ""it's my right as a human being"" to file frivolous lawsuits.",1h 18m 32s,https://drive.google.com/open?id=1VfFR_i0Yv4hTMabnbhPd_uk_jkRTww8B&usp=drive_fs,https://showboatblastoff.github.io/zdata/2023-04-11_transcript_jzlg.html,"JZ pays employees personal funds, LG says just business, no sales goals. LG states 100% his fault. LG acknowledge as claims are false claims ""it's my right as a human being"" to file frivolous lawsuits.","After acct mtg JZ addresses false accusations. LG states 100% his fault. LG acknowledge as claims are false claims ""it's my right as a human being"" to file frivolous lawsuits.",https://drive.google.com/open?id=1VfFR_i0Yv4hTMabnbhPd_uk_jkRTww8B&usp=drive_fs,https://drive.google.com/open?id=1KxFPGt_blKiR2tqXlVRhXdAv0QJz6dlU&usp=drive_fs,1h 18m 32s,https://showboatblastoff.github.io/zdata/2023-04-11_transcript_jzlg.html,,,,,https://uploads-ssl.webflow.com/646a27a54df1a31225a90bae/664136432b983b6bd9d27acb_-VwpDK_aO8Eh3gBjXXwecjYVgEsDrQDjRFN9m61ex24.jpeg,https://uploads-ssl.webflow.com/646a27a54df1a31225a90bae/664136432b983b6bd9d27ac2_bR_GePxzBtM3W-cv4jrjuh3VajtJKkDbQdcANGQBGGM.png,Joseph Zangrilli,COO @ RBC,https://uploads-ssl.webflow.com/646a27a54df1a31225a90bae/664136432b983b6bd9d27ac7_fGX4Gm7pgFT7DnLB7cENdqb7hfHqXhRlTZ__E1AMsv8.png,Lucas Guariglia,CEO @ RBC,,,,,,,,,,0,0,full,2023-04-11 02 LG to JZ after meeting,Full Tr.,"LG's ""right as human"" to file false claims",,
2023-04-11 C01 JZ calls out false accus. LG says 100% his fault,2023-04-11-c01-jz-calls-out-false-accus-lg-says-100percent-his-fault,65f3d093a0ca2d5ac211618a,664139c91c0c5471ffa0fca1,Sun May 12 2024 21:51:05 GMT+0000 (Coordinated Universal Time),Sun May 12 2024 21:51:05 GMT+0000 (Coordinated Universal Time),Tue Jun 11 2024 07:33:21 GMT+0000 (Coordinated Universal Time),Tue Apr 11 2023 23:00:00 GMT+0000 (Coordinated Universal Time),intent; 53; fa-embezz; fa-11-11; admits; 50-50,Joseph Zangrilli & Lucas Guariglia,LG to JZ,,,,https://drive.google.com/open?id=1_WJXm13j_CH07TEkQa8GSM7ZYd1wfKkH&usp=drive_fs,JZ addresses false accusations LG says its 100% his fault,JZ calls out false accusations LG says its 100% his fault. JZ takes loan to pay employees after quickbooks payroll acct shut down. JZ not on bank acct.,4m 03s,https://drive.google.com/open?id=1_fORAHyZnY4NhpGMcx56qfBOcgVExuTO&usp=drive_fs,https://showboatblastoff.github.io/zdata/2023-04-11_transcript_jzlg_01.html,JZ addresses false accusations LG says its 100% his fault,JZ addresses false accusations LG says its 100% his fault,https://drive.google.com/open?id=1VfFR_i0Yv4hTMabnbhPd_uk_jkRTww8B&usp=drive_fs,https://drive.google.com/open?id=1KxFPGt_blKiR2tqXlVRhXdAv0QJz6dlU&usp=drive_fs,1h 18m 32s,https://showboatblastoff.github.io/zdata/2023-04-11_transcript_jzlg.html,,,,,https://uploads-ssl.webflow.com/646a27a54df1a31225a90bae/664139c91c0c5471ffa0fc24_P7pyffwAnnNeFwhJ-FfmDkzvsZDVuI_TNGHndR7Uitc.jpeg,https://uploads-ssl.webflow.com/646a27a54df1a31225a90bae/664136432b983b6bd9d27ac2_bR_GePxzBtM3W-cv4jrjuh3VajtJKkDbQdcANGQBGGM.png,Joseph Zangrilli,COO @ RBC,https://uploads-ssl.webflow.com/646a27a54df1a31225a90bae/664136432b983b6bd9d27ac7_fGX4Gm7pgFT7DnLB7cENdqb7hfHqXhRlTZ__E1AMsv8.png,Lucas Guariglia,CEO @ RBC,,,,,,,,,,1,7,clip,2023-04-11 02 LG to JZ after meeting,Clip 1,"LG's ""right as human"" to file false claims",,
2023-04-11 C02 JZ addresses misappro and misinfo to acct,2023-04-11-c02-jz-addresses-misappro-and-misinfo-to-acct,65f3d093a0ca2d5ac211618a,664139cafbcc0a76ee766a62,Sun May 12 2024 21:51:06 GMT+0000 (Coordinated Universal Time),Sun May 12 2024 21:51:06 GMT+0000 (Coordinated Universal Time),Tue Jun 11 2024 07:33:21 GMT+0000 (Coordinated Universal Time),Tue Apr 11 2023 23:00:00 GMT+0000 (Coordinated Universal Time),intent; 53; fa-embezz; fa-11-11; admits; 50-50,Joseph Zangrilli & Lucas Guariglia,LG to JZ,,,,https://drive.google.com/open?id=1_j67Ad81Bi7jMx8aymCxgidW4LegEf9k&usp=drive_fs,JZ addresses missappro and misinfo to acct,JZ addresses missappro and misinfo to acct JZ calls out pattern of making accountants quit and abandonment. LG no ,5m 34s,https://drive.google.com/open?id=1_fhV-_ZRmC81T82HA7_y8t-sbmsd2lnw&usp=drive_fs,https://showboatblastoff.github.io/zdata/2023-04-11_transcript_jzlg_02.html,JZ addresses missappro and misinfo to acct,JZ addresses missappro and misinfo to acct,https://drive.google.com/open?id=1VfFR_i0Yv4hTMabnbhPd_uk_jkRTww8B&usp=drive_fs,https://drive.google.com/open?id=1KxFPGt_blKiR2tqXlVRhXdAv0QJz6dlU&usp=drive_fs,1h 18m 32s,https://showboatblastoff.github.io/zdata/2023-04-11_transcript_jzlg.html,,,,,https://uploads-ssl.webflow.com/646a27a54df1a31225a90bae/664139cafbcc0a76ee766a43_QlNGvconJ-YztWUQvnhV2JC38HCd48iX2Z_J5F2uvhw.jpeg,https://uploads-ssl.webflow.com/646a27a54df1a31225a90bae/664136432b983b6bd9d27ac2_bR_GePxzBtM3W-cv4jrjuh3VajtJKkDbQdcANGQBGGM.png,Joseph Zangrilli,COO @ RBC,https://uploads-ssl.webflow.com/646a27a54df1a31225a90bae/664136432b983b6bd9d27ac7_fGX4Gm7pgFT7DnLB7cENdqb7hfHqXhRlTZ__E1AMsv8.png,Lucas Guariglia,CEO @ RBC,,,,,,,,,,2,7,clip,2023-04-11 02 LG to JZ after meeting,Clip 2,"LG's ""right as human"" to file false claims",,
2023-04-11 C03 LG has right as human to file friv. lawsuits,2023-04-11-c03-lg-has-right-as-human-to-file-friv-lawsuits,65f3d093a0ca2d5ac211618a,664139cbee663e1b240ef00c,Sun May 12 2024 21:51:07 GMT+0000 (Coordinated Universal Time),Sun May 12 2024 21:51:07 GMT+0000 (Coordinated Universal Time),Tue Jun 11 2024 07:33:21 GMT+0000 (Coordinated Universal Time),Tue Apr 11 2023 23:00:00 GMT+0000 (Coordinated Universal Time),intent; 53; fa-embezz; fa-11-11; admits; 50-50,Joseph Zangrilli & Lucas Guariglia,LG to JZ,,,,https://drive.google.com/open?id=1_rM2elfMsVLULhHHJq7x7XeXjXRy4izt&usp=drive_fs,LG has right as human to file frivolous lawsuits,"LG ""bound as a human being to say that I no longer choose to work with you and I can dissolve"". JZ calls out RBC-agree. LG says ""I don't have to do anything"".",2m 38s,https://drive.google.com/open?id=1_kQmrwrVL_0fBqQK2Ufm18dLTs81CTai&usp=drive_fs,https://showboatblastoff.github.io/zdata/2023-04-11_transcript_jzlg_03.html,LG has right as human to file frivolous lawsuits,LG has right as human to file frivolous lawsuits,https://drive.google.com/open?id=1VfFR_i0Yv4hTMabnbhPd_uk_jkRTww8B&usp=drive_fs,https://drive.google.com/open?id=1KxFPGt_blKiR2tqXlVRhXdAv0QJz6dlU&usp=drive_fs,1h 18m 32s,https://showboatblastoff.github.io/zdata/2023-04-11_transcript_jzlg.html,,,,,https://uploads-ssl.webflow.com/646a27a54df1a31225a90bae/664139cbee663e1b240eeffd_4YJLyOD_rat5nuN1YwUwUTJ5NkP77xYY6P0lJsaQt8Q.jpeg,https://uploads-ssl.webflow.com/646a27a54df1a31225a90bae/664136432b983b6bd9d27ac2_bR_GePxzBtM3W-cv4jrjuh3VajtJKkDbQdcANGQBGGM.png,Joseph Zangrilli,COO @ RBC,https://uploads-ssl.webflow.com/646a27a54df1a31225a90bae/664136432b983b6bd9d27ac7_fGX4Gm7pgFT7DnLB7cENdqb7hfHqXhRlTZ__E1AMsv8.png,Lucas Guariglia,CEO @ RBC,,,,,,,,,,3,7,clip,2023-04-11 02 LG to JZ after meeting,Clip 3,"LG's ""right as human"" to file false claims",,
2023-04-11 C04 JZ agreements in place why are you doing this,2023-04-11-c04-jz-agreements-in-place-why-are-you-doing-this,65f3d093a0ca2d5ac211618a,664139ccb8028c230cd8c559,Sun May 12 2024 21:51:08 GMT+0000 (Coordinated Universal Time),Sun May 12 2024 21:51:08 GMT+0000 (Coordinated Universal Time),Tue Jun 11 2024 07:33:21 GMT+0000 (Coordinated Universal Time),Tue Apr 11 2023 23:00:00 GMT+0000 (Coordinated Universal Time),intent; 53; fa-embezz; fa-11-11; admits; 50-50,Joseph Zangrilli & Lucas Guariglia,LG to JZ,,,,https://drive.google.com/open?id=1_s03oP_webQlzcTA7rzAGSyljKy1zX7n&usp=drive_fs,JZ agreements in place why are you doing this,"JZ asks why file false claims LG says ""its my right as a human being to do that."" agreements in place why are you doing this. JZ reminds RBC-agree",3m 36s,https://drive.google.com/open?id=1a06c4GjArEO_RoiZKcPgkkbFUv_CJxh8&usp=drive_fs,https://showboatblastoff.github.io/zdata/2023-04-11_transcript_jzlg_04.html,JZ agreements in place why are you doing this,JZ agreements in place why are you doing this,https://drive.google.com/open?id=1VfFR_i0Yv4hTMabnbhPd_uk_jkRTww8B&usp=drive_fs,https://drive.google.com/open?id=1KxFPGt_blKiR2tqXlVRhXdAv0QJz6dlU&usp=drive_fs,1h 18m 32s,https://showboatblastoff.github.io/zdata/2023-04-11_transcript_jzlg.html,,,,,https://uploads-ssl.webflow.com/646a27a54df1a31225a90bae/664139ccb8028c230cd8c515_GqUmNCrzbM8LdyOcd1IKE-Mp_SrrUBnOMRX_l4xJ5qc.jpeg,https://uploads-ssl.webflow.com/646a27a54df1a31225a90bae/664136432b983b6bd9d27ac2_bR_GePxzBtM3W-cv4jrjuh3VajtJKkDbQdcANGQBGGM.png,Joseph Zangrilli,COO @ RBC,https://uploads-ssl.webflow.com/646a27a54df1a31225a90bae/664136432b983b6bd9d27ac7_fGX4Gm7pgFT7DnLB7cENdqb7hfHqXhRlTZ__E1AMsv8.png,Lucas Guariglia,CEO @ RBC,,,,,,,,,,4,7,clip,2023-04-11 02 LG to JZ after meeting,Clip 4,"LG's ""right as human"" to file false claims",,
2023-04-11 C05 JZ pays empls LG admits RBC event with no JZ,2023-04-11-c05-jz-pays-empls-lg-admits-rbc-event-with-no-jz,65f3d093a0ca2d5ac211618a,664139cdeca1ddeb658f5d3b,Sun May 12 2024 21:51:09 GMT+0000 (Coordinated Universal Time),Sun May 12 2024 21:51:09 GMT+0000 (Coordinated Universal Time),Tue Jun 11 2024 07:33:21 GMT+0000 (Coordinated Universal Time),Tue Apr 11 2023 23:00:00 GMT+0000 (Coordinated Universal Time),intent; 53; fa-embezz; fa-11-11; admits; 50-50,Joseph Zangrilli & Lucas Guariglia,LG to JZ,,,,https://drive.google.com/open?id=1eOeN4XhqCushn9190yACvfPlDJbBTZdy&usp=drive_fs,JZ pays empls LG admits RBC event w/ no JZ,JZ pays employees calls out LG on bank account LG admits RBC event w/ no JZ. LG talks parking Goose Island and Constellation money in RBC acct no JZ,11m 34s,https://drive.google.com/open?id=1a1JsWBcDQE-9KNsdtdxbKluClfEJcWyU&usp=drive_fs,https://showboatblastoff.github.io/zdata/2023-04-11_transcript_jzlg_05.html,JZ pays empls LG admits RBC event w/ no JZ,JZ pays empls LG admits RBC event w/ no JZ,https://drive.google.com/open?id=1VfFR_i0Yv4hTMabnbhPd_uk_jkRTww8B&usp=drive_fs,https://drive.google.com/open?id=1KxFPGt_blKiR2tqXlVRhXdAv0QJz6dlU&usp=drive_fs,1h 18m 32s,https://showboatblastoff.github.io/zdata/2023-04-11_transcript_jzlg.html,,,,,https://uploads-ssl.webflow.com/646a27a54df1a31225a90bae/664139cdeca1ddeb658f5cea_yzxETgVlygfcaPqHLB5gxiRRQJsyDkLNFi_jnPqYFPY.jpeg,https://uploads-ssl.webflow.com/646a27a54df1a31225a90bae/664136432b983b6bd9d27ac2_bR_GePxzBtM3W-cv4jrjuh3VajtJKkDbQdcANGQBGGM.png,Joseph Zangrilli,COO @ RBC,https://uploads-ssl.webflow.com/646a27a54df1a31225a90bae/664136432b983b6bd9d27ac7_fGX4Gm7pgFT7DnLB7cENdqb7hfHqXhRlTZ__E1AMsv8.png,Lucas Guariglia,CEO @ RBC,,,,,,,,,,5,7,clip,2023-04-11 02 LG to JZ after meeting,Clip 5,"LG's ""right as human"" to file false claims",,
2023-04-11 C06 LG 50-50 not workable no choice dissolve,2023-04-11-c06-lg-50-50-not-workable-no-choice-dissolve,65f3d093a0ca2d5ac211618a,664139cfee663e1b240ef352,Sun May 12 2024 21:51:11 GMT+0000 (Coordinated Universal Time),Sun May 12 2024 21:51:11 GMT+0000 (Coordinated Universal Time),Tue Jun 11 2024 07:33:21 GMT+0000 (Coordinated Universal Time),Tue Apr 11 2023 23:00:00 GMT+0000 (Coordinated Universal Time),intent; 53; fa-embezz; fa-11-11; admits; 50-50,Joseph Zangrilli & Lucas Guariglia,LG to JZ,,,,https://drive.google.com/open?id=1aNCojmQdYUA3j7D55O8tmX5cs_ZjFGpe&usp=drive_fs,LG 50-50 not workable no choice but dissolve,After gaining control of the bank account LG moves on RBC after cutting JZ off with slander. LG says 50-50 not workable no choice but dissolve.,9m 1s,https://drive.google.com/open?id=1a3epJw4nANY-iaN_sxv_JnF45-CU0WK3&usp=drive_fs,https://showboatblastoff.github.io/zdata/2023-04-11_transcript_jzlg_06.html,LG 50-50 not workable no choice but dissolve,LG 50-50 not workable no choice but dissolve,https://drive.google.com/open?id=1VfFR_i0Yv4hTMabnbhPd_uk_jkRTww8B&usp=drive_fs,https://drive.google.com/open?id=1KxFPGt_blKiR2tqXlVRhXdAv0QJz6dlU&usp=drive_fs,1h 18m 32s,https://showboatblastoff.github.io/zdata/2023-04-11_transcript_jzlg.html,,,,,https://uploads-ssl.webflow.com/646a27a54df1a31225a90bae/664139cfee663e1b240ef33a_RVin0MFU4WzAVFVaKFTCkRPvGIQvUaFFeq9YCwRio3I.jpeg,https://uploads-ssl.webflow.com/646a27a54df1a31225a90bae/664136432b983b6bd9d27ac2_bR_GePxzBtM3W-cv4jrjuh3VajtJKkDbQdcANGQBGGM.png,Joseph Zangrilli,COO @ RBC,https://uploads-ssl.webflow.com/646a27a54df1a31225a90bae/664136432b983b6bd9d27ac7_fGX4Gm7pgFT7DnLB7cENdqb7hfHqXhRlTZ__E1AMsv8.png,Lucas Guariglia,CEO @ RBC,,,,,,,,,,6,7,clip,2023-04-11 02 LG to JZ after meeting,Clip 6,"LG's ""right as human"" to file false claims",,
2023-04-11 C07 LG says no one cares just wants out,2023-04-11-c07-lg-says-no-one-cares-just-wants-out,65f3d093a0ca2d5ac211618a,664139d291d293426a9a319a,Sun May 12 2024 21:51:14 GMT+0000 (Coordinated Universal Time),Sun May 12 2024 21:51:14 GMT+0000 (Coordinated Universal Time),Tue Jun 11 2024 07:33:21 GMT+0000 (Coordinated Universal Time),Tue Apr 11 2023 23:00:00 GMT+0000 (Coordinated Universal Time),intent; 53; fa-embezz; fa-11-11; admits; 50-50,Joseph Zangrilli & Lucas Guariglia,LG to JZ,,,,https://drive.google.com/open?id=1yZTCdchmBp6H3Y_WVwct43P3fsDTeqWe&usp=drive_fs,LG no one cares crashed sales on purpose just wants out,LG says no one cares he crashed sales on purpose just wants out suggests mediator. JZ begs for any indpdt party. On LG says no mediator.,7m 13s,https://drive.google.com/open?id=1yd47zfa3aKBgJhwm62r2HP787h0RA9bJ&usp=drive_fs,https://showboatblastoff.github.io/zdata/2023-04-11_transcript_jzlg_07.html,LG no one cares crashed sales on purp just wants out,LG no one cares crashed sales on purp just wants out,https://drive.google.com/open?id=1VfFR_i0Yv4hTMabnbhPd_uk_jkRTww8B&usp=drive_fs,https://drive.google.com/open?id=1KxFPGt_blKiR2tqXlVRhXdAv0QJz6dlU&usp=drive_fs,1h 18m 32s,https://showboatblastoff.github.io/zdata/2023-04-11_transcript_jzlg.html,,,,,https://uploads-ssl.webflow.com/646a27a54df1a31225a90bae/664139d091d293426a9a2e20_f3rlYabgmRpeV5xCjiCuOIhRH-SnLcHdhVxZZkDxj5g.jpeg,https://uploads-ssl.webflow.com/646a27a54df1a31225a90bae/664136432b983b6bd9d27ac2_bR_GePxzBtM3W-cv4jrjuh3VajtJKkDbQdcANGQBGGM.png,Joseph Zangrilli,COO @ RBC,https://uploads-ssl.webflow.com/646a27a54df1a31225a90bae/664136432b983b6bd9d27ac7_fGX4Gm7pgFT7DnLB7cENdqb7hfHqXhRlTZ__E1AMsv8.png,Lucas Guariglia,CEO @ RBC,,,,,,,,,,7,7,clip,2023-04-11 02 LG to JZ after meeting,Clip 7,"LG's ""right as human"" to file false claims",,
2023-05-28 C00 FT LG admits accus fake,2023-05-28-c00-ft-lg-admits-accus-fake,65f3d093a0ca2d5ac211618a,664139de771fe90f01fb9b44,Sun May 12 2024 21:51:26 GMT+0000 (Coordinated Universal Time),Sun May 12 2024 21:51:26 GMT+0000 (Coordinated Universal Time),Tue Jun 11 2024 07:33:21 GMT+0000 (Coordinated Universal Time),Sun May 28 2023 14:30:00 GMT+0000 (Coordinated Universal Time),,Joseph Zangrilli & Lucas Guariglia,LG to JZ,,,,https://drive.google.com/open?id=1Uefglo89c7yWLXEo-jQEeiIw5ONS9GJe&usp=drive_fs,LG admits accus fake,LG admits accus fake,24m 19s,https://drive.google.com/open?id=1UhDCde5l8-dEsiAklGAtbMul5i3xJGYn&usp=drive_fs,https://showboatblastoff.github.io/zdata/2023-05-28_transcript_jzlg.html,LG admits accus fake,LG admits accus fake,https://drive.google.com/open?id=1UhDCde5l8-dEsiAklGAtbMul5i3xJGYn&usp=drive_fs,https://drive.google.com/open?id=1Uefglo89c7yWLXEo-jQEeiIw5ONS9GJe&usp=drive_fs,24m 19s,https://showboatblastoff.github.io/zdata/2023-05-28_transcript_jzlg.html,,,,,https://uploads-ssl.webflow.com/646a27a54df1a31225a90bae/664139dd771fe90f01fb9b1f_NFvUOardHjqEOsLTbJuXVB8_m5cROIKKA-4Qvy3KLfA.jpeg,https://uploads-ssl.webflow.com/646a27a54df1a31225a90bae/664136432b983b6bd9d27ac2_bR_GePxzBtM3W-cv4jrjuh3VajtJKkDbQdcANGQBGGM.png,Joseph Zangrilli,COO @ RBC,https://uploads-ssl.webflow.com/646a27a54df1a31225a90bae/664136432b983b6bd9d27ac7_fGX4Gm7pgFT7DnLB7cENdqb7hfHqXhRlTZ__E1AMsv8.png,Lucas Guariglia,CEO @ RBC,,,,,,,,,,0,0,full,2023-05-28 JZ LG call,Full Tr.,LG admits slander JZ to 5/3 and acct,,
2023-05-28 C01 LG admits accus fake,2023-05-28-c01-lg-admits-accus-fake,65f3d093a0ca2d5ac211618a,664139dfeca1ddeb658f7a42,Sun May 12 2024 21:51:27 GMT+0000 (Coordinated Universal Time),Sun May 12 2024 21:51:27 GMT+0000 (Coordinated Universal Time),Tue Jun 11 2024 07:33:21 GMT+0000 (Coordinated Universal Time),Sun May 28 2023 14:30:00 GMT+0000 (Coordinated Universal Time),,Joseph Zangrilli & Lucas Guariglia,LG to JZ,,,,https://drive.google.com/open?id=1Uefglo89c7yWLXEo-jQEeiIw5ONS9GJe&usp=drive_fs,"JZ accid del LG and PH acct,  LG read my mail","JZ accid del LG and PH acct,  LG read my mail",2m 11s,https://drive.google.com/open?id=1UhDCde5l8-dEsiAklGAtbMul5i3xJGYn&usp=drive_fs,https://showboatblastoff.github.io/zdata/2023-05-28_transcript_jzlg_01.html,JZ accid del LG gives permission to access email ,JZ accid del LG gives permission to access email ,https://drive.google.com/open?id=1UhDCde5l8-dEsiAklGAtbMul5i3xJGYn&usp=drive_fs,https://drive.google.com/open?id=1Uefglo89c7yWLXEo-jQEeiIw5ONS9GJe&usp=drive_fs,24m 19s,https://showboatblastoff.github.io/zdata/2023-05-28_transcript_jzlg.html,,,,,https://uploads-ssl.webflow.com/646a27a54df1a31225a90bae/664139dfeca1ddeb658f7a1d_dRQspjCuX_Zh-Gi6Ptd-lL0ya8-5y8Zt0wur_xqWnV4.jpeg,https://uploads-ssl.webflow.com/646a27a54df1a31225a90bae/664136432b983b6bd9d27ac2_bR_GePxzBtM3W-cv4jrjuh3VajtJKkDbQdcANGQBGGM.png,Joseph Zangrilli,COO @ RBC,https://uploads-ssl.webflow.com/646a27a54df1a31225a90bae/664136432b983b6bd9d27ac7_fGX4Gm7pgFT7DnLB7cENdqb7hfHqXhRlTZ__E1AMsv8.png,Lucas Guariglia,CEO @ RBC,,,,,,,,,,1,3,clip,2023-05-28 JZ LG call,Clip 1,LG admits slander JZ to 5/3 and acct,,
2023-05-28 C02 LG cant recall if 53 collus,2023-05-28-c02-lg-cant-recall-if-53-collus,65f3d093a0ca2d5ac211618a,664139e0e2b6a8e4e299184e,Sun May 12 2024 21:51:28 GMT+0000 (Coordinated Universal Time),Sun May 12 2024 21:51:28 GMT+0000 (Coordinated Universal Time),Tue Jun 11 2024 07:33:21 GMT+0000 (Coordinated Universal Time),Sun May 28 2023 14:30:00 GMT+0000 (Coordinated Universal Time),,Joseph Zangrilli & Lucas Guariglia,LG to JZ,,,,https://drive.google.com/open?id=1Uefglo89c7yWLXEo-jQEeiIw5ONS9GJe&usp=drive_fs,LG cant recall if 53 collus,LG cant recall if 53 collus,2m 52s,https://drive.google.com/open?id=1UhDCde5l8-dEsiAklGAtbMul5i3xJGYn&usp=drive_fs,https://showboatblastoff.github.io/zdata/2023-05-28_transcript_jzlg_02.html,LG cant recall if 53 collusion JZ says turn self in,LG cant recall if 53 collusion JZ says turn self in,https://drive.google.com/open?id=1UhDCde5l8-dEsiAklGAtbMul5i3xJGYn&usp=drive_fs,https://drive.google.com/open?id=1Uefglo89c7yWLXEo-jQEeiIw5ONS9GJe&usp=drive_fs,24m 19s,https://showboatblastoff.github.io/zdata/2023-05-28_transcript_jzlg.html,,,,,https://uploads-ssl.webflow.com/646a27a54df1a31225a90bae/664139dfe2b6a8e4e2991828_sMaGpCF0CfI5NWuJO-oiece7m4L9K_7vApSSxdbwmT0.jpeg,https://uploads-ssl.webflow.com/646a27a54df1a31225a90bae/664136432b983b6bd9d27ac2_bR_GePxzBtM3W-cv4jrjuh3VajtJKkDbQdcANGQBGGM.png,Joseph Zangrilli,COO @ RBC,https://uploads-ssl.webflow.com/646a27a54df1a31225a90bae/664136432b983b6bd9d27ac7_fGX4Gm7pgFT7DnLB7cENdqb7hfHqXhRlTZ__E1AMsv8.png,Lucas Guariglia,CEO @ RBC,,,,,,,,,,2,3,clip,2023-05-28 JZ LG call,Clip 2,LG admits slander JZ to 5/3 and acct,,
2023-05-28 C03,2023-05-28-c03,65f3d093a0ca2d5ac211618a,664139e1b93151555ec80098,Sun May 12 2024 21:51:29 GMT+0000 (Coordinated Universal Time),Sun May 12 2024 21:51:29 GMT+0000 (Coordinated Universal Time),Tue Jun 11 2024 07:33:21 GMT+0000 (Coordinated Universal Time),Sun May 28 2023 14:30:00 GMT+0000 (Coordinated Universal Time),,Joseph Zangrilli & Lucas Guariglia,LG to JZ,,,,https://drive.google.com/open?id=1XNEFWLcdQLOh75g_R0Ioi34oyhceO6nH&usp=drive_fs,LG admits accus fake,LG admits accus fake,2m 30s,https://drive.google.com/open?id=1XP3UZIyK0xc7RP47hId50fiC_GFj0KOf&usp=drive_fs,https://showboatblastoff.github.io/zdata/2023-05-28_transcript_jzlg_03.html,JZ says fix slander,JZ says fix slander,https://drive.google.com/open?id=1UhDCde5l8-dEsiAklGAtbMul5i3xJGYn&usp=drive_fs,https://drive.google.com/open?id=1Uefglo89c7yWLXEo-jQEeiIw5ONS9GJe&usp=drive_fs,24m 19s,https://showboatblastoff.github.io/zdata/2023-05-28_transcript_jzlg.html,,,,,https://uploads-ssl.webflow.com/646a27a54df1a31225a90bae/664139e1b93151555ec80066_O83MXyXUckMzUzNWMUjY5_VIv47NR4cJssUL7JeK3Dw.jpeg,https://uploads-ssl.webflow.com/646a27a54df1a31225a90bae/664136432b983b6bd9d27ac2_bR_GePxzBtM3W-cv4jrjuh3VajtJKkDbQdcANGQBGGM.png,Joseph Zangrilli,COO @ RBC,https://uploads-ssl.webflow.com/646a27a54df1a31225a90bae/664136432b983b6bd9d27ac7_fGX4Gm7pgFT7DnLB7cENdqb7hfHqXhRlTZ__E1AMsv8.png,Lucas Guariglia,CEO @ RBC,,,,,,,,,,3,3,clip,2023-05-28 JZ LG call,Clip 3,LG admits slander JZ to 5/3 and acct,,
